"hfpxzc href","qBF1Pd","MW4etd","UY7F9","W4Efsd","W4Efsd 2","W4Efsd 3","W4Efsd 4","W4Efsd 5","W4Efsd 6","UsdlK","lcr4fd href","Cw1rxd","R8c4Qb","Cw1rxd 2","R8c4Qb 2","doJOZc","W4Efsd 7"
"","","","","","","","","","","","","","","","","",""
"","","","","","","","","","","","","","","","","",""
"https://www.google.com/maps/place/Veterinarian+and+cattery/data=!4m7!3m6!1s0x47a84e71edabbaf1:0xcdafb946c2a44b7b!8m2!3d52.5281499!4d13.4502641!16s%2Fg%2F1tctwlbc!19sChIJ8bqr7XFOqEcRe0ukwka5r80?authuser=0&hl=en&rclk=1","Veterinarian and cattery","4.5","(240)","Veterinarian","Â·","Conrad-Blenkle-StraÃŸe 4","Open","Â· Closes 5â€¯pm","Â·","030 42085005","http://www.tierarztpraxis-am-velodrom.de/","î ‹","Website","î”®","Directions","",""
"https://www.google.com/maps/place/Pfotendoctor+-+dein+digitaler+Tierarzt+%28kein+Praxisstandort+vor+Ort%29/data=!4m7!3m6!1s0x47a85717ff9f0ff7:0xc0698955e9a37b14!8m2!3d52.5372757!4d13.3786958!16s%2Fg%2F11ftc7s0fj!19sChIJ9w-f_xdXqEcRFHuj6VWJacA?authuser=0&hl=en&rclk=1","Pfotendoctor - dein digitaler Tierarzt (kein Praxisstandort vor Ort)","4.7","(1,924)","Veterinarian","Â·","WÃ¶hlertstraÃŸe 12-13","Open 24 hours","","Â·","0800 7777444","https://www.pfotendoctor.de/","î ‹","Website","î”®","Directions","",""
"https://www.google.com/maps/place/Veterinary+Practice+by+the+Water+Tower/data=!4m7!3m6!1s0x47a84e03e9285567:0xb5fe0b87abb728f0!8m2!3d52.5350514!4d13.419747!16s%2Fg%2F1234r5bv1!19sChIJZ1Uo6QNOqEcR8Ci3q4cL_rU?authuser=0&hl=en&rclk=1","Veterinary Practice by the Water Tower","4.7","(285)","Veterinarian","Â·","Â·","Open","Â· Closes 6â€¯pm","RykestraÃŸe 4","030 4420329","http://www.tierarztpraxis-wasserturm.de/","î ‹","Website","î”®","Directions","ï•Š","Â·"
"https://www.google.com/maps/place/Kleintierpraxis+Flidais-vet+Kreuzberg/data=!4m7!3m6!1s0x47a84e4b4fcb4dcd:0x1a48f0f57b4804b9!8m2!3d52.4969444!4d13.4325!16s%2Fg%2F11bttkq8nz!19sChIJzU3LT0tOqEcRuQRIe_XwSBo?authuser=0&hl=en&rclk=1","Kleintierpraxis Flidais-vet Kreuzberg","4.6","(355)","Veterinarian","Â·","Wiener Str. 25","Open","Â· Closes 6â€¯pm","Â·","030 6181766","https://www.flidais-vet.de/","î ‹","Website","î”®","Directions","",""
"https://www.google.com/maps/place/Dr.+Ralf+Neuer+Tierarztpraxis/data=!4m7!3m6!1s0x47a851e40cb289f5:0xb73bfdfcc47d2701!8m2!3d52.513956!4d13.4087092!16s%2Fg%2F1vfn5pdt!19sChIJ9YmyDORRqEcRASd9xPz9O7c?authuser=0&hl=en&rclk=1","Dr. Ralf Neuer Tierarztpraxis","4.2","(245)","Veterinarian","Â·","Â·","Open","Â· Closes 6â€¯pm","Fischerinsel 2","030 2858558","https://tierarztportal.com/berlin/650-dr-ralf-neuer-tierarztpraxis","î ‹","Website","î”®","Directions","î¤´","Â·"
"https://www.google.com/maps/place/Kleintiermedizin+am+L%C3%BCtzowufer/data=!4m7!3m6!1s0x47a851ad2a53ba37:0x9b8a2da25d7c1a36!8m2!3d52.5062018!4d13.3493321!16s%2Fg%2F11fxvtrx2s!19sChIJN7pTKq1RqEcRNhp8XaItips?authuser=0&hl=en&rclk=1","Kleintiermedizin am LÃ¼tzowufer","4.8","(321)","Veterinarian","Â·","Â·","Open","Â· Closes 6â€¯pm","LÃ¼tzowufer 26","030 26397900","https://www.vet-berlin.de/","î ‹","Website","î”®","Directions","î¤´","Â·"
"https://www.google.com/maps/place/Tierarztpraxis+am+Hermannplatz/data=!4m7!3m6!1s0x41652371ae8ceab3:0xc6a6c0e38e56d223!8m2!3d52.4861475!4d13.4234116!16s%2Fg%2F1tlzz64t!19sChIJs-qMrnEjZUERI9JWjuPApsY?authuser=0&hl=en&rclk=1","Tierarztpraxis am Hermannplatz","4.6","(210)","Veterinarian","Â·","Lucy-Lameck-StraÃŸe 1","Open","Â· Closes 6â€¯pm","Â·","030 6226288","https://www.tierarztpraxis-am-hermannplatz.de/","î ‹","Website","î”®","Directions","",""
"https://www.google.com/maps/place/Tierarztpraxis+Dr.+Anita+Gr%C3%A4fe/data=!4m7!3m6!1s0x47a84e0faed85f05:0xcb05ca89d65cbac6!8m2!3d52.5315618!4d13.4306233!16s%2Fg%2F1tkbx7ss!19sChIJBV_Yrg9OqEcRxrpc1onKBcs?authuser=0&hl=en&rclk=1","Tierarztpraxis Dr. Anita GrÃ¤fe","4.5","(78)","Veterinarian","Â·","EsmarchstraÃŸe 26","Open","Â· Closes 6â€¯pm","Â·","030 4213630","https://tierarzt-graefe.de/","î ‹","Website","î”®","Directions","",""
"https://www.google.com/maps/place/Tierarztpraxis+B%C3%A4renwiese,+Tierarzt+Berlin-Wilmersdorf/data=!4m7!3m6!1s0x47a850f0c946619d:0x53b9600ffa29d53d!8m2!3d52.4974137!4d13.3248514!16s%2Fg%2F1tk_hr6h!19sChIJnWFGyfBQqEcRPdUp-g9guVM?authuser=0&hl=en&rclk=1","Tierarztpraxis BÃ¤renwiese, Tierarzt Berlin-Wilmersdorf","4.5","(982)","Veterinarian","Â·","Â·","Open 24 hours","","UhlandstraÃŸe 151","030 23362627","https://www.tierarzt-baerenwiese.de/","î ‹","Website","î”®","Directions","î¤´","Â·"
"https://www.google.com/maps/place/Tiermedizinzentrum+Berlin/data=!4m7!3m6!1s0x47a8506759401557:0x649b4111c0e61131!8m2!3d52.4853661!4d13.3367677!16s%2Fg%2F1thvrqll!19sChIJVxVAWWdQqEcRMRHmwBFBm2Q?authuser=0&hl=en&rclk=1","Tiermedizinzentrum Berlin","3.5","(332)","Veterinarian","Â·","Kufsteiner Str. 22","Open","Â· Closes 12â€¯am","Â·","030 8542050","http://www.tiermedizinzentrum.de/","î ‹","Website","î”®","Directions","",""
"https://www.google.com/maps/place/Dr.med.vet.+Wolfgang+Beck+veterinarian/data=!4m7!3m6!1s0x47a84fafd90f6acb:0xb9847fcb07cf6bc9!8m2!3d52.4869708!4d13.4367711!16s%2Fg%2F1tjymrcy!19sChIJy2oP2a9PqEcRyWvPB8t_hLk?authuser=0&hl=en&rclk=1","Dr.med.vet. Wolfgang Beck veterinarian","4.7","(650)","Veterinarian","Â·","Â·","Open","Â· Closes 7â€¯pm","WeichselstraÃŸe 25","030 6239664","http://www.tierarztpraxis-dr-beck.de/","î ‹","Website","î”®","Directions","ï•Š","Â·"
"https://www.google.com/maps/place/Dipl.Med.Vet.+J%C3%B6rg+Porada/data=!4m7!3m6!1s0x416523c75ea54025:0xb6778bc277d3c95d!8m2!3d52.5121682!4d13.419935!16s%2Fg%2F1vc6cd_d!19sChIJJUClXscjZUERXcnTd8KLd7Y?authuser=0&hl=en&rclk=1","Dipl.Med.Vet. JÃ¶rg Porada","4.9","(256)","Veterinarian","Â·","Â·","Closed","","RungestraÃŸe 18","030 2754906","https://tierarztportal.com/berlin/653-dipl-vet-med-joerg-porada","î ‹","Website","î”®","Directions","î¤´","Â·"
"https://www.google.com/maps/place/Tier%C3%A4rztliche+Praxis+f%C3%BCr+Augenerkrankungen+Dr.+Emmelmann+%26+Dr.+Fengler/data=!4m7!3m6!1s0x47a851e1e7c045c9:0x28f6175d96f1cd6c!8m2!3d52.5252071!4d13.4079611!16s%2Fg%2F1tf7r4v1!19sChIJyUXA5-FRqEcRbM3xll0X9ig?authuser=0&hl=en&rclk=1","TierÃ¤rztliche Praxis fÃ¼r Augenerkrankungen Dr. Emmelmann & Dr. Fengler","4.4","(259)","Veterinarian","Â·","Â·","Open","Â· Closes 6â€¯pm","Max-Beer-Str. 7","030 2426512","http://www.augentierarzt-berlin.de/","î ‹","Website","î”®","Directions","ï•Š","Â·"
"https://www.google.com/maps/place/Dr.+Johanna+Pauls/data=!4m7!3m6!1s0x47a84e00de054f03:0xd88aadf11ead293d!8m2!3d52.5385307!4d13.4216955!16s%2Fg%2F11c1tlz48s!19sChIJA08F3gBOqEcRPSmtHvGtitg?authuser=0&hl=en&rclk=1","Dr. Johanna Pauls","4.9","(150)","Veterinarian","Â·","Â·","","","RykestraÃŸe 35","030 23900061","http://www.kleintier-sonographie.de/?page_id=122","î ‹","Website","î”®","Directions","î¤´",""
"https://www.google.com/maps/place/Rex+Tierarztpraxis+Berlin-Prenzlauer+Berg/data=!4m7!3m6!1s0x47a84fddfeb06ccf:0xfce256665a5b5802!8m2!3d52.5334687!4d13.4293548!16s%2Fg%2F11vyxr1h3w!19sChIJz2yw_t1PqEcRAlhbWmZW4vw?authuser=0&hl=en&rclk=1","Rex Tierarztpraxis Berlin-Prenzlauer Berg","4.7","(286)","Veterinarian","Â·","Greifswalder Str. 204","Closed","Â· Opens 9â€¯am Sat","Â·","030 91733620","https://www.rex.app/praxen/berlin-prenzlauer-berg","î ‹","Website","î”®","Directions","",""
"https://www.google.com/maps/place/Kleintierpraxis+im+Kiez+-+TA+J%C3%B6rg+Saecker/data=!4m7!3m6!1s0x47a8504a492c46a7:0x39b2ed0c13067f81!8m2!3d52.5008191!4d13.3628081!16s%2Fg%2F1tdq9m52!19sChIJp0YsSUpQqEcRgX8GEwztsjk?authuser=0&hl=en&rclk=1","Kleintierpraxis im Kiez - TA JÃ¶rg Saecker","4.7","(181)","Veterinarian","Â·","Â·","Closed","Â· Opens 4â€¯pm","PohlstraÃŸe 69","0163 6746922","http://www.kieztierarzt.de/","î ‹","Website","î”®","Directions","ï•Š","Â·"
"https://www.google.com/maps/place/Veterinary+practice+Galina+Schirow+GmbH/data=!4m7!3m6!1s0x47a851081855956d:0x502d097849852630!8m2!3d52.5190267!4d13.3427188!16s%2Fg%2F1q4knllr2!19sChIJbZVVGAhRqEcRMCaFSXgJLVA?authuser=0&hl=en&rclk=1","Veterinary practice Galina Schirow GmbH","4.9","(735)","Veterinarian","Â·","Â·","Closed","Â· Opens 4â€¯pm","Bartningallee 5","030 39886966","http://www.vetpraxis-schirow.de/","î ‹","Website","î”®","Directions","î¤´","Â·"
"https://www.google.com/maps/place/Veterinary+practice+Friedrichshain+Sabine+Heidel/data=!4m7!3m6!1s0x47a84e695cc6d7f1:0x3283c49cdeb81b59!8m2!3d52.5209184!4d13.4462681!16s%2Fg%2F11c6f0l69_!19sChIJ8dfGXGlOqEcRWRu43pzEgzI?authuser=0&hl=en&rclk=1","Veterinary practice Friedrichshain Sabine Heidel","4.5","(226)","Veterinarian","Â·","AuerstraÃŸe 44","Closed","Â· Opens 9â€¯am Fri","Â·","030 78083485","http://www.tierarztpraxis-friedrichshain.de/","î ‹","Website","î”®","Directions","",""
"https://www.google.com/maps/place/felmo+Mobiler+Tierarzt+Berlin/data=!4m7!3m6!1s0x47a851daf8337149:0x6726eb1d6104038b!8m2!3d52.5241016!4d13.3327137!16s%2Fg%2F11hds6bxzr!19sChIJSXEz-NpRqEcRiwMEYR3rJmc?authuser=0&hl=en&rclk=1","felmo Mobiler Tierarzt Berlin","4.8","(7,730)","Veterinarian","Â·","Â·","Open","Â· Closes 6â€¯pm","Alt-Moabit 73/73a","030 31196542","https://felmo.de/tierarzt/berlin/?utm_medium=referral&utm_source=google_my_business&utm_term=berlin","î ‹","Website","î”®","Directions","ï•Š","Â·"
"https://www.google.com/maps/place/Swetlana+Hempel/data=!4m7!3m6!1s0x47a851f0e234d309:0xfa95cf8faf36293f!8m2!3d52.5369406!4d13.3955607!16s%2Fg%2F11hlyn9qr5!19sChIJCdM04vBRqEcRPyk2r4_Plfo?authuser=0&hl=en&rclk=1","Swetlana Hempel","4.9","(62)","Veterinarian","Â·","Rheinsberger Str. 74","Open","Â· Closes 6â€¯pm","Â·","030 4493433","https://www.tierarztpraxis-hempel.de/","î ‹","Website","î”®","Directions","",""
"https://www.google.com/maps/place/Pet-Station/data=!4m7!3m6!1s0x47a8503834c7a8f7:0xef4fab72ef1a7364!8m2!3d52.4921297!4d13.3651314!16s%2Fg%2F1tdq9m4_!19sChIJ96jHNDhQqEcRZHMa73KrT-8?authuser=0&hl=en&rclk=1","Pet-Station","4.8","(123)","Veterinarian","Â·","Â·","Closes soon","Â· 4â€¯pm Â· Opens 9:30â€¯am Fri","Kulmer Str. 26","030 51058546","http://www.pet-station.de/","î ‹","Website","î”®","Directions","ï•Š","Â·"
"https://www.google.com/maps/place/Tierarztpraxis+Gasteiner+Stra%C3%9Fe/data=!4m7!3m6!1s0x47a850f534477365:0x6c6d9d183d1af748!8m2!3d52.4873129!4d13.3260485!16s%2Fg%2F1v_nbk07!19sChIJZXNHNPVQqEcRSPcaPRidbWw?authuser=0&hl=en&rclk=1","Tierarztpraxis Gasteiner StraÃŸe","4.9","(89)","Veterinarian","Â·","Gasteiner Str. 33","Open","Â· Closes 6â€¯pm","Â·","030 8618564","http://www.tierarztpraxis-gasteiner-strasse.de/","î ‹","Website","î”®","Directions","",""
"https://www.google.com/maps/place/Dr.med.vet.+Holger+Fuhrmann/data=!4m7!3m6!1s0x416523d672fb2521:0x77f0c1c81b5a1606!8m2!3d52.5290189!4d13.4684552!16s%2Fg%2F1wf20wmg!19sChIJISX7ctYjZUERBhZaG8jB8Hc?authuser=0&hl=en&rclk=1","Dr.med.vet. Holger Fuhrmann","4.6","(316)","Veterinarian","Â·","Â·","Closed","Â· Opens 4:30â€¯pm","Franz-Jacob-StraÃŸe 14","030 9758808","https://tierarztindeutschland.de/berlin/berlin/drmedvet-holger-fuhrmann-berlin/","î ‹","Website","î”®","Directions","î¤´","Â·"
"https://www.google.com/maps/place/Dr.+med.+vet.+Claudia+Handke/data=!4m7!3m6!1s0x47a851ffe8bf593f:0x91d6e1cf0d7f4c94!8m2!3d52.5407316!4d13.4157091!16s%2Fg%2F1tfw21mc!19sChIJP1m_6P9RqEcRlEx_Dc_h1pE?authuser=0&hl=en&rclk=1","Dr. med. vet. Claudia Handke","4.9","(256)","Veterinarian","Â·","Danziger Str. 15","Closed","Â· Opens 10â€¯am Mon","Â·","030 4421760","http://www.tierarztpraxis-prenzlauerberg.de/","î ‹","Website","î”®","Directions","",""
"https://www.google.com/maps/place/Tierarztpraxis+Dr.+Peter+Vogel/data=!4m7!3m6!1s0x47a84e5e02696dbf:0x3d814eedbcad95ff!8m2!3d52.5114026!4d13.4666047!16s%2Fg%2F1tvt9ckb!19sChIJv21pAl5OqEcR_5WtvO1OgT0?authuser=0&hl=en&rclk=1","Tierarztpraxis Dr. Peter Vogel","4.7","(512)","Veterinarian","Â·","Â·","Closed","","FinowstraÃŸe 14","030 29776835","http://www.drpetervogel.de/","î ‹","Website","î”®","Directions","ï•Š","Â·"
"https://www.google.com/maps/place/Tierarztpraxis+Liegnitzer/data=!4m7!3m6!1s0x416523758d183683:0xf7206235691d1a5c!8m2!3d52.4929802!4d13.4338649!16s%2Fg%2F11b6b3ngv4!19sChIJgzYYjXUjZUERXBodaTViIPc?authuser=0&hl=en&rclk=1","Tierarztpraxis Liegnitzer","4.7","(225)","Veterinarian","Â·","Liegnitzer Str. 19","Closed","Â· Opens 10â€¯am Fri","Â·","030 6126474","http://www.tierarztpraxis-liegnitzer.de/","î ‹","Website","î”®","Directions","",""
"https://www.google.com/maps/place/Janine+Br%C3%A4uer+Kleintierpraxis+%28reine+Terminpraxis%29/data=!4m7!3m6!1s0x47a84fcafc28d597:0xf2a2ef087c66d8bb!8m2!3d52.4921892!4d13.4478362!16s%2Fg%2F11d_ty4td9!19sChIJl9Uo_MpPqEcRu9hmfAjvovI?authuser=0&hl=en&rclk=1","Janine BrÃ¤uer Kleintierpraxis (reine Terminpraxis)","4.8","(138)","Veterinarian","Â·","KrÃ¼llsstraÃŸe 5","Closed","Â· Opens 10â€¯am Mon","Â·","030 6912677","http://www.tap.berlin/","î ‹","Website","î”®","Directions","",""
"https://www.google.com/maps/place/Veterinary+practice+E.+Laskawy/data=!4m7!3m6!1s0x47a84e61d0077367:0x5bd567a75ef25002!8m2!3d52.5176605!4d13.4663371!16s%2Fg%2F1tffncfm!19sChIJZ3MH0GFOqEcRAlDyXqdn1Vs?authuser=0&hl=en&rclk=1","Veterinary practice E. Laskawy","4.6","(393)","Veterinarian","Â·","Â·","Closed","","BÃ¤nschstraÃŸe 58","030 4267684","http://www.laskawy-berlin.de/","î ‹","Website","î”®","Directions","î¤´","Â·"
"https://www.google.com/maps/place/Tierarztpraxis+Br%C3%A4uer+%28reine+Terminpraxis%29/data=!4m7!3m6!1s0x4165239e27544f39:0x7dcf458d41f35d1e!8m2!3d52.4921892!4d13.4478362!16s%2Fg%2F11b6xch1hf!19sChIJOU9UJ54jZUERHl3zQY1Fz30?authuser=0&hl=en&rclk=1","Tierarztpraxis BrÃ¤uer (reine Terminpraxis)","4.8","(174)","Veterinarian","Â·","KrÃ¼llsstraÃŸe 5","Closed","Â· Opens 10â€¯am Mon","Â·","030 6912677","http://www.tap.berlin/","î ‹","Website","î”®","Directions","",""
"https://www.google.com/maps/place/Veterinary+clinic+for+cats+-+vets+for+cats+Berlin/data=!4m7!3m6!1s0x47a8505c14dd0365:0x6592bbfb53015b3e!8m2!3d52.4897329!4d13.3391583!16s%2Fg%2F1ptvqbly0!19sChIJZQPdFFxQqEcRPlsBU_u7kmU?authuser=0&hl=en&rclk=1","Veterinary clinic for cats - vets for cats Berlin","4.7","(287)","Veterinarian","Â·","Bayerischer Pl. 2","Closed","Â· Opens 9â€¯am Sat","Â·","030 34398877","https://www.vetsforcats.de/","î ‹","Website","î”®","Directions","",""
"https://www.google.com/maps/place/Christin+Bechmann+-+Kleintierpraxis+in+der+Torstrasse/data=!4m7!3m6!1s0x47a851784aa8f885:0x6fd73a46f22c9791!8m2!3d52.5288006!4d13.4081521!16s%2Fg%2F11p56hkzj_!19sChIJhfioSnhRqEcRkZcs8kY6128?authuser=0&hl=en&rclk=1","Christin Bechmann - Kleintierpraxis in der Torstrasse","4.9","(221)","Veterinarian","Â·","Â·","Closed","Â· Opens 10â€¯am Mon","TorstraÃŸe 64","030 28598058","http://kleintierpraxis-torstrasse.berlin/","î ‹","Website","î”®","Directions","ï•Š","Â·"
"https://www.google.com/maps/place/Rex+Tierarztpraxis+Berlin-Neuk%C3%B6lln/data=!4m7!3m6!1s0x47a84f02117b7aa1:0x8e984c17afbad159!8m2!3d52.4807233!4d13.4258771!16s%2Fg%2F11sk2_b56b!19sChIJoXp7EQJPqEcRWdG6rxdMmI4?authuser=0&hl=en&rclk=1","Rex Tierarztpraxis Berlin-NeukÃ¶lln","4.8","(557)","Veterinarian","Â·","Â·","Open","Â· Closes 8â€¯pm","HermannstraÃŸe 227","030 91734766","https://www.rex.app/praxen/rex-berlin-neukoelln","î ‹","Website","î”®","Directions","î¤´","Â·"
"https://www.google.com/maps/place/Dr.med.vet.+J%C3%B6rg+Bauer+veterinarian/data=!4m7!3m6!1s0x47a84e8dc4ef81a5:0xdab0fa198214e628!8m2!3d52.5174915!4d13.4797972!16s%2Fg%2F1tlmmbxl!19sChIJpYHvxI1OqEcRKOYUghn6sNo?authuser=0&hl=en&rclk=1","Dr.med.vet. JÃ¶rg Bauer veterinarian","4.6","(292)","Veterinarian","Â·","MÃ¶llendorffstraÃŸe 104/105","Closed","Â· Opens 4â€¯pm","Â·","030 55491515","http://www.tierarzt-berlin-lichtenberg.de/","î ‹","Website","î”®","Directions","",""
"https://www.google.com/maps/place/Anne-D%C3%B6rte+Ferencz/data=!4m7!3m6!1s0x47a8510c267838b1:0x1e09362aa8274b84!8m2!3d52.5241476!4d13.3360137!16s%2Fg%2F1tcztzqq!19sChIJsTh4JgxRqEcRhEsnqCo2CR4?authuser=0&hl=en&rclk=1","Anne-DÃ¶rte Ferencz","4.8","(105)","Veterinarian","Â·","Â·","Closed","Â· Opens 10â€¯am Fri","Elberfelder Str. 3","030 39889278","http://www.tierarztpraxis-moabit.de/","î ‹","Website","î”®","Directions","ï•Š","Â·"
"https://www.google.com/maps/place/Tierarztpraxis+Brigitte+Ludwig-Kahya/data=!4m7!3m6!1s0x47a8502b6084b857:0x2bae721d26f5f822!8m2!3d52.5003224!4d13.389816!16s%2Fg%2F1thwzgd_!19sChIJV7iEYCtQqEcRIvj1Jh1yris?authuser=0&hl=en&rclk=1","Tierarztpraxis Brigitte Ludwig-Kahya","4.3","(105)","Veterinarian","Â·","Â·","","","WilhelmstraÃŸe 3","030 2513480","http://www.tierarztpraxis-in-kreuzberg.de/","î ‹","Website","î”®","Directions","î¤´",""
"https://www.google.com/maps/place/Rex+Tierarztpraxis+Berlin-Friedrichshain/data=!4m7!3m6!1s0x47a84f9be0f199a1:0x1bc2f105df77e470!8m2!3d52.5072059!4d13.4575494!16s%2Fg%2F11vhg12w0x!19sChIJoZnx4JtPqEcRcOR33wXxwhs?authuser=0&hl=en&rclk=1","Rex Tierarztpraxis Berlin-Friedrichshain","4.5","(499)","Veterinarian","Â·","Â·","Closed","Â· Opens 9â€¯am Sat","Revaler Str. 17","030 91734338","https://www.rex.app/praxen/rex-berlin-friedrichshain","î ‹","Website","î”®","Directions","î¤´","Â·"
"https://www.google.com/maps/place/Tierarztpraxis+am+Urbanhafen/data=!4m7!3m6!1s0x47a84fd3b653770d:0xd3240f83e30b3ce3!8m2!3d52.4956405!4d13.4053191!16s%2Fg%2F1w04j3nk!19sChIJDXdTttNPqEcR4zwL44MPJNM?authuser=0&hl=en&rclk=1","Tierarztpraxis am Urbanhafen","4.8","(191)","Veterinarian","Â·","Â·","Closed","Â· Opens 5â€¯pm","BaerwaldstraÃŸe 69","030 61074959","https://www.tierarztpraxis-am-urbanhafen.de/","î ‹","Website","î”®","Directions","ï•Š","Â·"
"https://www.google.com/maps/place/Tierarztpraxis+Rotgang/data=!4m7!3m6!1s0x47a84f8d95729e73:0x6bb27b6cd086cd71!8m2!3d52.5310183!4d13.4278352!16s%2Fg%2F11qr9m8bs3!19sChIJc55ylY1PqEcRcc2G0Gx7sms?authuser=0&hl=en&rclk=1","Tierarztpraxis Rotgang","5.0","(275)","Veterinarian","Â·","Â·","Closed","Â· Opens 5â€¯pm","Greifswalder Str: 21","030 4254696","https://www.tierarztpraxis-rotgang.de/","î ‹","Website","î”®","Directions","ï•Š","Â·"
"https://www.google.com/maps/place/Tierarztpraxis+Dr.+Wolfgang+Hoffmann/data=!4m7!3m6!1s0x47a8510caadb0765:0x7a46839bcc9540e1!8m2!3d52.5285744!4d13.3411832!16s%2Fg%2F1tg673tv!19sChIJZQfbqgxRqEcR4UCVzJuDRno?authuser=0&hl=en&rclk=1","Tierarztpraxis Dr. Wolfgang Hoffmann","4.8","(176)","Veterinarian","Â·","Wilhelmshavener Str. 64","Closed","Â· Opens 10â€¯am Mon","Â·","030 3952768","http://www.tierarzt-wh.de/","î ‹","Website","î”®","Directions","",""
"https://www.google.com/maps/place/ANIMAL+MRI+%2F+BERLIN-CT+CENTER/data=!4m7!3m6!1s0x47a851c1ef1d6d97:0x30b6973757934b31!8m2!3d52.522981!4d13.383286!16s%2Fg%2F11bw3_y33j!19sChIJl20d78FRqEcRMUuTVzeXtjA?authuser=0&hl=en&rclk=1","ANIMAL MRI / BERLIN-CT CENTER","5.0","(9)","Veterinarian","Â·","Â·","Open","Â· Closes 9â€¯pm","ReinhardtstraÃŸe 25","0170 9500270","https://www.vet-tomopet.de/","î ‹","Website","î”®","Directions","î¤´","Â·"
"https://www.google.com/maps/place/felmo+Mobiler+Tierarzt+Berlin/data=!4m7!3m6!1s0x47a851daf8337149:0x6726eb1d6104038b!8m2!3d52.524102!4d13.332714!16s%2Fg%2F11hds6bxzr!19sChIJSXEz-NpRqEcRiwMEYR3rJmc?authuser=0&hl=en&rclk=1","felmo Mobiler Tierarzt Berlin","4.8","(7,724)","Veterinarian","Â·","73 Alt-Moabit","Open","Â· Closes 6â€¯pm","Â·","0800 0010347","https://www.google.com/aclk?sa=L&ai=DChsSEwj5m8qm-NiRAxUJmYMHHc-YE5YYACICCAEQARoCZWY&co=1&ase=2&gclid=CjwKCAiA3rPKBhBZEiwAhPNFQJXiuBVdeqHgBjRVmwr7vdHLGsU-S8BKNErQ_fZ7uMz0RZv_RG8aXxoCUfMQAvD_BwE&cce=2&category=acrcp_v1_32&sig=AOD64_2o2lYG2UHCMDSTcV2wWsS4zyGOcA&adurl&q&ctype=99&nis=6","î ‹","Website","î”®","Directions","",""
"https://www.google.com/maps/place/felmo+Mobiler+Tierarzt+Berlin/data=!4m7!3m6!1s0x47a851daf8337149:0x6726eb1d6104038b!8m2!3d52.524102!4d13.332714!16s%2Fg%2F11hds6bxzr!19sChIJSXEz-NpRqEcRiwMEYR3rJmc?authuser=0&hl=en&rclk=1","felmo Mobiler Tierarzt Berlin","4.8","(7,724)","Veterinarian","Â·","73 Alt-Moabit","Open","Â· Closes 6â€¯pm","Â·","0800 0010347","https://www.google.com/aclk?sa=L&ai=DChsSEwi3q_Ko-NiRAxXPpYMHHZ_WAZMYACICCAEQABoCZWY&co=1&ase=2&gclid=CjwKCAiA3rPKBhBZEiwAhPNFQAbDkhsIkBIdyOpxu4-Oqus-0L3Pr2gC3zpgXPoNpyK8ySHtLX-QUhoC3kcQAvD_BwE&cce=2&category=acrcp_v1_32&sig=AOD64_2orT0A_RaGFRqRB-ppPC59hwWshA&adurl&q&ctype=99&nis=6","î ‹","Website","î”®","Directions","",""
"https://www.google.com/maps/place/Tierarztpraxis+Oldenburger+Stra%C3%9Fe/data=!4m7!3m6!1s0x47a8510d369c5953:0xebafa45584e9073b!8m2!3d52.5289304!4d13.3357299!16s%2Fg%2F11c6_bkhly!19sChIJU1mcNg1RqEcROwfphFWkr-s?authuser=0&hl=en&rclk=1","Tierarztpraxis Oldenburger StraÃŸe","4.7","(286)","Veterinarian","Â·","Â·","Closed","Â· Opens 6â€¯pm","Oldenburger Str. 44","030 3951555","http://www.tierarztpraxis-oldenburger-strasse.de/","î ‹","Website","î”®","Directions","ï•Š","Â·"
"https://www.google.com/maps/place/Tierarztpraxis+am+S%C3%BCdkreuz/data=!4m7!3m6!1s0x47a85015c7a92a8b:0x82877ba7d1db3449!8m2!3d52.4808667!4d13.3621523!16s%2Fg%2F1ts1r7x_!19sChIJiyqpxxVQqEcRSTTb0ad7h4I?authuser=0&hl=en&rclk=1","Tierarztpraxis am SÃ¼dkreuz","4.8","(152)","Veterinarian","Â·","Â·","Closed","","Gustav-MÃ¼ller-StraÃŸe 19","030 96083860","http://www.tierarztpraxis-am-suedkreuz.de/","î ‹","Website","î”®","Directions","î¤´","Â·"
"https://www.google.com/maps/place/vetevo+GmbH/data=!4m7!3m6!1s0x47a84e1d07aa4e31:0xd0c73b40e8e682b1!8m2!3d52.5430556!4d13.4140712!16s%2Fg%2F11f00nrkbp!19sChIJMU6qBx1OqEcRsYLm6EA7x9A?authuser=0&hl=en&rclk=1","vetevo GmbH","4.8","(3,212)","Veterinarian","Â·","Â·","Open","Â· Closes 7â€¯pm","Pappelallee 78/79","030 54448546","https://vetevo.de/","î ‹","Website","î”®","Directions","ï•Š","Â·"
"https://www.google.com/maps/place/Tierarztpraxis+Diek/data=!4m7!3m6!1s0x416523758ce30617:0x82bb9d8918d93942!8m2!3d52.4930391!4d13.3455028!16s%2Fg%2F1trvkgdk!19sChIJFwbjjHUjZUERQjnZGImdu4I?authuser=0&hl=en&rclk=1","Tierarztpraxis Diek","4.9","(229)","Veterinarian","Â·","Traunsteiner Str. 1","Closed","Â· Opens 4â€¯pm","Â·","030 2142954","https://www.tierarzt-onlineverzeichnis.de/tierarztpraxis/10781-berlin/gudrun-diek/1525/","î ‹","Website","î”®","Directions","",""
"https://www.google.com/maps/place/Tierphysiotherapie+%26+-heilpraxis+Sabrina+Findeisen/data=!4m7!3m6!1s0x47a84f7e7c59194d:0x1a71fc1a63d4b4c9!8m2!3d52.508728!4d13.4659234!16s%2Fg%2F11kx2j8bdv!19sChIJTRlZfH5PqEcRybTUYxr8cRo?authuser=0&hl=en&rclk=1","Tierphysiotherapie & -heilpraxis Sabrina Findeisen","4.9","(68)","Veterinarian","Â·","Â·","Open","Â· Closes 6â€¯pm","Boxhagener Str. 47","0176 20174346","https://tierphysioberlin.simplybook.it/","î ‹","Website","î”®","Directions","ï•Š","Â·"
"https://www.google.com/maps/place/Dr.+med.+vet.+Ann-Kathrin+Fritsche+-+Tierverhaltensmedizin+-+Beratung+%26+Therapie/data=!4m7!3m6!1s0x47a84e6e9f1c0fb1:0xb9d56d8bb1c3437a!8m2!3d52.5234212!4d13.4470607!16s%2Fg%2F11h68m399l!19sChIJsQ8cn25OqEcRekPDsYtt1bk?authuser=0&hl=en&rclk=1","Dr. med. vet. Ann-Kathrin Fritsche - Tierverhaltensmedizin - Beratung & Therapie","4.8","(30)","Veterinarian","Â·","Wilhelm-Stolze-StraÃŸe 32","Closed","Â· Opens 9â€¯am Fri","Â·","0174 3595658","http://tierverhalten.berlin/","î ‹","Website","î”®","Directions","",""
"https://www.google.com/maps/place/Tierarztpraxis+Hempel/data=!4m7!3m6!1s0x47a8510f67d1dcd3:0x948429fd788580a8!8m2!3d52.5369406!4d13.3955607!16s%2Fg%2F11j0h41f6m!19sChIJ09zRZw9RqEcRqICFeP0phJQ?authuser=0&hl=en&rclk=1","Tierarztpraxis Hempel","4.6","(118)","Veterinarian","Â·","Rheinsberger Str. 74","Closed","Â· Opens 9â€¯am Sat","Â·","030 4493433","http://www.tierarztpraxis-hempel.de/","î ‹","Website","î”®","Directions","",""
"https://www.google.com/maps/place/mobile+Pferdezahn+-+Tierarztpraxis/data=!4m7!3m6!1s0xdf180163e765c9b:0x9006feaf8ca55cb6!8m2!3d52.5433958!4d13.4413606!16s%2Fg%2F11kb96gh_9!19sChIJm1x2PhaA8Q0RtlyljK_-BpA?authuser=0&hl=en&rclk=1","mobile Pferdezahn - Tierarztpraxis","5.0","(6)","Veterinarian","Â·","OstseestraÃŸe 48","Open","Â· Closes 11:30â€¯pm","Â·","01516 4874822","http://www.tierarzt-fuers-pferd.berlin/","î ‹","Website","î”®","Directions","",""
"https://www.google.com/maps/place/Tierarztpraxis+Dr.+Klaus+Lendner/data=!4m7!3m6!1s0x47a850511762fe0f:0x50d5d657e4fcaf85!8m2!3d52.4990878!4d13.3445343!16s%2Fg%2F1hc18hhbc!19sChIJD_5iF1FQqEcRha_85FfW1VA?authuser=0&hl=en&rclk=1","Tierarztpraxis Dr. Klaus Lendner","4.7","(94)","Veterinarian","Â·","FuggerstraÃŸe 22","Closed","Â· Opens 4â€¯pm","Â·","030 7812138","http://www.tierarztpraxis-drlendner.de/","î ‹","Website","î”®","Directions","",""
"https://www.google.com/maps/place/ReBalance+%E2%80%93+Mobile+Tierphysiotherapie+%26+Osteopathie+in+Berlin/data=!4m7!3m6!1s0x838723d70df19b69:0x3446ea906e827155!8m2!3d52.5254944!4d13.4291413!16s%2Fg%2F11zj7mf0x2!19sChIJaZvxDdcjh4MRVXGCbpDqRjQ?authuser=0&hl=en&rclk=1","ReBalance â€“ Mobile Tierphysiotherapie & Osteopathie in Berlin","5.0","(6)","Veterinarian","Â·","BÃ¼schingstraÃŸe 35","Open","Â· Closes 8â€¯pm","Â·","0176 24851833","https://www.rebalance-berlin.de/","î ‹","Website","î”®","Directions","",""
"https://www.google.com/maps/place/Tiermedizin+am+Treptower+Park/data=!4m7!3m6!1s0x47a84f0022f71d77:0x2b060eaba9e96fee!8m2!3d52.4848621!4d13.4673954!16s%2Fg%2F11yf3z9g79!19sChIJdx33IgBPqEcR7m_pqasOBis?authuser=0&hl=en&rclk=1","Tiermedizin am Treptower Park","","","Veterinarian","Â·","Â·","","","Am Treptower Park 46","015560 110554","https://www.tiermedizin-treptower-park.com/","î ‹","Website","î”®","Directions","î¤´",""
"https://www.google.com/maps/place/Tier%C3%A4rztliche+mobile+Gemeinschaftspraxis+Schleich+%26+Wiese+%28GbR%29/data=!4m7!3m6!1s0x47a85060a68eaaab:0xa7871e1546b01c5f!8m2!3d52.4857537!4d13.3340974!16s%2Fg%2F11gjms8h02!19sChIJq6qOpmBQqEcRXxywRhUeh6c?authuser=0&hl=en&rclk=1","TierÃ¤rztliche mobile Gemeinschaftspraxis Schleich & Wiese (GbR)","4.1","(8)","Veterinarian","Â·","Badensche Str. 44","","","","030 67968494","http://www.schleich-wiese.de/kontakt/","î ‹","Website","î”®","Directions","",""
"https://www.google.com/maps/place/Frank+Reinhard+Wilke+-+Tierheilpraktiker/data=!4m7!3m6!1s0x47a84534506a992b:0x21aee9941b77a08a!8m2!3d52.5315913!4d13.3312922!16s%2Fg%2F11dxf19jcs!19sChIJK5lqUDRFqEcRiqB3G5TpriE?authuser=0&hl=en&rclk=1","Frank Reinhard Wilke - Tierheilpraktiker","2.3","(4)","Veterinarian","Â·","WaldstraÃŸe 37","Open","Â· Closes 5â€¯pm","Â·","038354 339066","","î”®","Directions","","","",""
"https://www.google.com/maps/place/Dr.+Ellen+Sandhas+Tierarztpraxis+f%C3%BCr+Verhaltenstherapie/data=!4m7!3m6!1s0x809561a76766d395:0xeb11247fec3f8205!8m2!3d52.4886975!4d13.4463966!16s%2Fg%2F11ybnvm3xw!19sChIJldNmZ6dhlYARBYI_7H8kEes?authuser=0&hl=en&rclk=1","Dr. Ellen Sandhas Tierarztpraxis fÃ¼r Verhaltenstherapie","","","Veterinarian","Â·","BouchÃ©straÃŸe","Open","Â· Closes 6â€¯pm","Â·","01512 0655024","https://www.souldogvet-berlin.com/?utm_source=google&utm_medium=wix_google_business_profile&utm_campaign=7073244744833785165","î ‹","Website","î”®","Directions","",""
"https://www.google.com/maps/place/Tierarztpraxis+Dr.+Heike+H%C3%BCbner/data=!4m7!3m6!1s0x47a850f534477365:0x191ce8a30ee4e85!8m2!3d52.4873129!4d13.3260485!16s%2Fg%2F11gbk5nh6h!19sChIJZXNHNPVQqEcRhU7uMIrOkQE?authuser=0&hl=en&rclk=1","Tierarztpraxis Dr. Heike HÃ¼bner","5.0","(9)","Veterinarian","Â·","Gasteiner Str. 33","Closes soon","Â· 4â€¯pm Â· Opens 9â€¯am Fri","Â·","030 8618564","http://www.dr-heike-huebner.de/","î ‹","Website","î”®","Directions","",""
"https://www.google.com/maps/place/DER+TIERARZT+Dr.+Theobald+in+Sch%C3%B6neberg/data=!4m7!3m6!1s0x47a850448045a28d:0x97ce7237bb30acd9!8m2!3d52.4898995!4d13.3487913!16s%2Fg%2F1tfrfs_1!19sChIJjaJFgERQqEcR2awwuzdyzpc?authuser=0&hl=en&rclk=1","DER TIERARZT Dr. Theobald in SchÃ¶neberg","4.6","(159)","Veterinarian","Â·","Â·","Closed","Â· Opens 8:30â€¯am Mon","Eisenacher Str. 40","030 2111779","https://tierarztschoeneberg.de/","î ‹","Website","î”®","Directions","î¤´","Â·"
"https://www.google.com/maps/place/Tierarztpraxis+Kiezfidel,+Mobiler+Tierarzt,+Hausbesuche,+Tierarzt+ins+Haus+Berlin+und+Brandenburg,+Notdienst,+Routine+Termine/data=!4m7!3m6!1s0x47a851fe8729b3b5:0x4a8d6f5c30972900!8m2!3d52.45906!4d13.0157992!16s%2Fg%2F1tf01hqv!19sChIJtbMph_5RqEcRACmXMFxvjUo?authuser=0&hl=en&rclk=1","Tierarztpraxis Kiezfidel, Mobiler Tierarzt, Hausbesuche, Tierarzt ins Haus Berlin und Brandenburg, Notdienst, Routine Termine","3.6","(65)","Veterinarian","","Â·","Open 24 hours","","","030 4495269","https://tierarztpraxiskiezfidel.com/","î ‹","Website","î”®","Directions","",""
"https://www.google.com/maps/place/Tierarzt+Plus+Partner/data=!4m7!3m6!1s0x47a850fdbbc4cc7f:0xdf69a52e063baa09!8m2!3d52.5370019!4d13.3790127!16s%2Fg%2F11hzxjbfdn!19sChIJf8zEu_1QqEcRCao7Bi6lad8?authuser=0&hl=en&rclk=1","Tierarzt Plus Partner","4.5","(11)","Veterinarian","Â·","WÃ¶hlertstraÃŸe 12-13","","","","030 20977463","https://www.tierarztpluspartner.de/","î ‹","Website","î”®","Directions","",""
"https://www.google.com/maps/place/Tierarztpraxis+am+Nollendorfplatz/data=!4m7!3m6!1s0x47a8504e334c9deb:0xe0e1c7450ff6dd3c!8m2!3d52.497687!4d13.35043!16s%2Fg%2F1th1t22k!19sChIJ651MM05QqEcRPN32D0XH4eA?authuser=0&hl=en&rclk=1","Tierarztpraxis am Nollendorfplatz","4.8","(128)","Veterinarian","Â·","Â·","Closed","Â· Opens 10â€¯am Mon","NollendorfstraÃŸe 20","030 2167711","http://www.hund-katze-vogel.de/","î ‹","Website","î”®","Directions","ï•Š","Â·"
"https://www.google.com/maps/place/Tierphysiotherapie+Mara+Polzin/data=!4m7!3m6!1s0x47a84fb239715277:0xb28c3bb2ecb10670!8m2!3d52.5046036!4d13.4793403!16s%2Fg%2F11vrcmt9j2!19sChIJd1JxObJPqEcRcAax7LI7jLI?authuser=0&hl=en&rclk=1","Tierphysiotherapie Mara Polzin","5.0","(6)","Veterinarian","Â·","SpittastraÃŸe 21","Open","Â· Closes 6â€¯pm","","","https://tierphysio-marapolzin.de/","î ‹","Website","î”®","Directions","",""
"https://www.google.com/maps/place/Shiferau+Biru+Haki+Tierarztpraxis/data=!4m7!3m6!1s0x47a84e6ad74d8d13:0xbb7b8ed2ed9b02e5!8m2!3d52.5198703!4d13.4380941!16s%2Fg%2F11d_ty1syt!19sChIJE41N12pOqEcR5QKb7dKOe7s?authuser=0&hl=en&rclk=1","Shiferau Biru Haki Tierarztpraxis","2.4","(5)","Veterinarian","Â·","FriedenstraÃŸe 54","Open","Â· Closes 5â€¯pm","Â·","030 20053332","","î”®","Directions","","","",""
"https://www.google.com/maps/place/Veterin%C3%A4ramt+Pankow+Haus+6/data=!4m7!3m6!1s0x47a84d192090d4f5:0xf1276710861b2c6f!8m2!3d52.5405188!4d13.4273402!16s%2Fg%2F11sszcsdc6!19sChIJ9dSQIBlNqEcRbywbhhBnJ_E?authuser=0&hl=en&rclk=1","VeterinÃ¤ramt Pankow Haus 6","","","Veterinarian","Â·","FrÃ¶belstraÃŸe 17","","","","","","î”®","Directions","","","",""
"https://www.google.com/maps/place/Stopik+C.,+Marxen+I.+Dr.+Tier%C3%A4rzte/data=!4m7!3m6!1s0x47a8505c14dd0365:0x15732adb0d718965!8m2!3d52.4897318!4d13.3391337!16s%2Fg%2F1vgw_sf8!19sChIJZQPdFFxQqEcRZYlxDdsqcxU?authuser=0&hl=en&rclk=1","Stopik C., Marxen I. Dr. TierÃ¤rzte","3.5","(2)","Veterinarian","Â·","Bayerischer Pl. 2","","","","030 34398877","","î”®","Directions","","","",""
"https://www.google.com/maps/place/Tierarztpraxis/data=!4m7!3m6!1s0x47a8503835ce73f9:0x45ad73e1b6d175a1!8m2!3d52.4921195!4d13.3651271!16s%2Fg%2F11mgn05v41!19sChIJ-XPONThQqEcRoXXRtuFzrUU?authuser=0&hl=en&rclk=1","Tierarztpraxis","5.0","(1)","Veterinary care","Â·","Kulmer Str. 26","","","","","","î”®","Directions","","","",""
"https://www.google.com/maps/place/Zum+Tierarzt/data=!4m7!3m6!1s0x47a851f0df2625f7:0xfd5bc902185989d!8m2!3d52.5376122!4d13.395874!16s%2Fg%2F11ldq34254!19sChIJ9yUm3_BRqEcRnZiFIZC81Q8?authuser=0&hl=en&rclk=1","Zum Tierarzt","","","Veterinary care","","","","","","","","î”®","Directions","","","",""
"https://www.google.com/maps/place/Mobile+tier%C3%A4rztliche+Praxis+f%C3%BCr+Chiropraktik/data=!4m7!3m6!1s0x47a84e0e37f5fa25:0x97088435049697b9!8m2!3d52.5303674!4d13.4318927!16s%2Fg%2F11dxdx693r!19sChIJJfr1Nw5OqEcRuZeWBDWECJc?authuser=0&hl=en&rclk=1","Mobile tierÃ¤rztliche Praxis fÃ¼r Chiropraktik","","","Veterinarian","Â·","KÃ¤the-Niederkirchner-StraÃŸe 15","","","","0173 6558353","http://www.vet-chiropraktik-berlin.de/","î ‹","Website","î”®","Directions","",""
"https://www.google.com/maps/place/EquiCanis+Physiotherapie+f%C3%BCr+deinen+Hund+oder+dein+Pferd.+Mobil,+flexibel,+kundenorientiert+%F0%9F%AB%B6/data=!4m7!3m6!1s0x47a84f10fba09169:0x416bf296ffadd6a0!8m2!3d52.4958043!4d13.4731144!16s%2Fg%2F11mckytbgv!19sChIJaZGg-xBPqEcRoNat_5bya0E?authuser=0&hl=en&rclk=1","EquiCanis Physiotherapie fÃ¼r deinen Hund oder dein Pferd. Mobil, flexibel, kundenorientiert ðŸ«¶","","","Veterinarian","Â·","Friedrich-Junge-StraÃŸe","Closed","Â· Opens 9â€¯am Fri","Â·","0176 41252522","","î”®","Directions","","","",""
"https://www.google.com/maps/place/Wolfgang+Apczinski+Tierarzt/data=!4m7!3m6!1s0x47a8510edb034365:0xef1c547f58730c59!8m2!3d52.52162!4d13.33625!16s%2Fg%2F11d_tz3dbw!19sChIJZUMD2w5RqEcRWQxzWH9UHO8?authuser=0&hl=en&rclk=1","Wolfgang Apczinski Tierarzt","","","Veterinarian","Â·","Dortmunder Str. 9","","","","","","î”®","Directions","","","",""
"https://www.google.com/maps/place/Alt-stralau+34-37/data=!4m7!3m6!1s0x47a84f007038f927:0xa7f9b704830108e1!8m2!3d52.4929229!4d13.4761434!16s%2Fg%2F11yfgf3b1b!19sChIJJ_k4cABPqEcR4QgBgwS3-ac?authuser=0&hl=en&rclk=1","Alt-stralau 34-37","","","Veterinarian","Â·","Alt-Stralau 34","","","","","","î”®","Directions","","","",""
"https://www.google.com/maps/place/DVG-Vet-Congress/data=!4m7!3m6!1s0x47a851d495e8d699:0x33c01d630349a472!8m2!3d52.50258!4d13.39151!16s%2Fg%2F11fkf7wjb2!19sChIJmdboldRRqEcRcqRJA2MdwDM?authuser=0&hl=en&rclk=1","DVG-Vet-Congress","","","Veterinarian","Â·","FriedrichstraÃŸe 17","","","","0641 24466","http://www.dvg-vet-congress.de/index.php?id=491","î ‹","Website","î”®","Directions","",""
"https://www.google.com/maps/place/Dr.+Martin+Deutschland,+Neurologische+%C3%9Cberweisungspraxis/data=!4m7!3m6!1s0x47a84e60ddda44cb:0x2e4174113d9db151!8m2!3d51.175807!4d10.4541194!16s%2Fg%2F1hc5t3spb!19sChIJy0Ta3WBOqEcRUbGdPRF0QS4?authuser=0&hl=en&rclk=1","Dr. Martin Deutschland, Neurologische Ãœberweisungspraxis","4.8","(59)","Veterinarian","","Â·","Open","Â· Closes 6â€¯pm","","030 22808450","http://www.tierneurologie-berlin.de/","î ‹","Website","î”®","Directions","",""
"https://www.google.com/maps/place/Dirk+Oschika+veterinary/data=!4m7!3m6!1s0x47a84ef5e45db2df:0x3abf8c2a63ab79b1!8m2!3d52.5068441!4d13.4247318!16s%2Fg%2F1q2vx0t3z!19sChIJ37Jd5PVOqEcRsXmrYyqMvzo?authuser=0&hl=en&rclk=1","Dirk Oschika veterinary","4.7","(230)","Veterinarian","","Â·","Open","Â· Closes 6â€¯pm","","030 2946333","https://www.tierarzt-im-kiez.de/","î ‹","Website","î”®","Directions","",""
"https://www.google.com/maps/place/PonyHengst+Islandpferdezucht/data=!4m7!3m6!1s0x47a84e618b28ba73:0x9d0893d562bf6ae6!8m2!3d51.175807!4d10.4541194!16s%2Fg%2F11bzymvncs!19sChIJc7ooi2FOqEcR5mq_YtWTCJ0?authuser=0&hl=en&rclk=1","PonyHengst Islandpferdezucht","","","Corporate office","","","","","","+43 650 4494521","","î”®","Directions","","","",""
"https://www.google.com/maps/place/hauttierarztpraxis/data=!4m7!3m6!1s0x47a8511f6b7b0f93:0x95b4d81d78b742f8!8m2!3d52.5222481!4d13.3976064!16s%2Fg%2F1vtzg7g9!19sChIJkw97ax9RqEcR-EK3eB3YtJU?authuser=0&hl=en&rclk=1","hauttierarztpraxis","4.4","(11)","Veterinarian","","","","","","030 34787510","http://www.hauttierarztpraxis.de/","î ‹","Website","î”®","Directions","",""
"","","","","","","","","","","","","","","","","",""