"hfpxzc href","qBF1Pd","MW4etd","UY7F9","W4Efsd","W4Efsd 2","W4Efsd 3","W4Efsd 4","W4Efsd 5","W4Efsd 6","UsdlK","lcr4fd href","Cw1rxd","R8c4Qb","Cw1rxd 2","R8c4Qb 2","doJOZc","Jn12ke src","ah5Ghc","W4Efsd 7","ah5Ghc 2","ah5Ghc 3"
"","","","","","","","","","","","","","","","","","","","","",""
"","","","","","","","","","","","","","","","","","","","","",""
"https://www.google.com/maps/place/AniCura+Tierklinik+Stuttgart+Plieningen/data=!4m7!3m6!1s0x4799db401fbba3a3:0x9687308921f8ae6e!8m2!3d48.697916!4d9.218723!16s%2Fg%2F1ptxchz0_!19sChIJo6O7H0DbmUcRbq74IYkwh5Y?authuser=0&hl=en&rclk=1","AniCura Tierklinik Stuttgart Plieningen","4.0","(1,984)","Veterinarian","·","15 Hermann-Fein-Straße","Closed","· Opens 8 am Fri","·","0711 637380","https://www.google.com/aclk?sa=L&ai=DChsSEwi3iMqloNmRAxXigoMHHTsAJaQYACICCAEQABoCZWY&co=1&ase=2&gclid=CjwKCAiA3rPKBhBZEiwAhPNFQGMFGLKK1ftfKnaugIjaPyfDLIZI7yX1-p86lv1uALfzEzYYjzn7uRoCqP0QAvD_BwE&cce=2&category=acrcp_v1_32&sig=AOD64_1Ln2VBtZeoeiuQFS1PXsK5OaTDcQ&adurl&q&ctype=99&nis=6","","Website","","Directions","","","","","",""
"https://www.google.com/maps/place/Kleintierklinik+in+Ludwigsburg-Ossweil/data=!4m7!3m6!1s0x4799ce3cde3e0f31:0x50847716ee21ec16!8m2!3d48.891136!4d9.2343859!16s%2Fg%2F1vfwbtd5!19sChIJMQ8-3jzOmUcRFuwh7hZ3hFA?authuser=0&hl=en&rclk=1","Kleintierklinik in Ludwigsburg-Ossweil","4.0","(2,003)","Animal hospital","·","·","Karl-Heinrich-Käferle-Straße 2","Open 24 hours","·","07141 2999030","https://www.kleintierklinik-lb.de/","","Website","","Directions","","https://ssl.gstatic.com/local/servicebusiness/default_user.png","""Excellent services and a very competent staff""","","",""
"https://www.google.com/maps/place/Stuttgart+Veterinary+Treatment+Facility/data=!4m7!3m6!1s0x4799e1abaf912377:0x1a57d02f8f1e014c!8m2!3d48.684902!4d9.0484239!16s%2Fg%2F11j7yhsmp5!19sChIJdyORr6vhmUcRTAEejy_QVxo?authuser=0&hl=en&rclk=1","Stuttgart Veterinary Treatment Facility","4.9","(16)","Veterinarian","·","·","Panzerkaserne 2996","Closed","·","06371 94641888","https://home.army.mil/stuttgart/vet-clinic","","Website","","Directions","","https://ssl.gstatic.com/local/servicebusiness/default_user.png","""Best bang for your buck""","· Opens 7:30 am Mon","",""
"https://www.google.com/maps/place/Kleintierzentrum+Stuttgart+Vaihingen/data=!4m7!3m6!1s0x4799dc55f0a6bb0f:0xb1e80b90ab02913f!8m2!3d48.7259466!4d9.1142425!16s%2Fg%2F1tk6zg4k!19sChIJD7um8FXcmUcRP5ECq5AL6LE?authuser=0&hl=en&rclk=1","Kleintierzentrum Stuttgart Vaihingen","3.9","(382)","Veterinarian","·","·","Industriestraße 3","Closes soon","·","0711 679670","http://www.kleintierzentrum-stuttgart-vaihingen.de/","","Website","","Directions","","https://ssl.gstatic.com/local/servicebusiness/default_user.png","""Very welcoming","· 7 pm · Opens 9 am Fri","veterinarian","office and they"
"https://www.google.com/maps/place/AniCura+small+animal+center+Neckarwiesen/data=!4m7!3m6!1s0x4799c0be2253d487:0x631334bfe7e0c434!8m2!3d48.72283!4d9.3494!16s%2Fg%2F1tlc70f9!19sChIJh9RTIr7AmUcRNMTg5780E2M?authuser=0&hl=en&rclk=1","AniCura small animal center Neckarwiesen","3.6","(351)","Emergency veterinarian service","·","·","Fritz-Müller-Straße 144","Open","·","0711 359828","https://www.anicura.de/kleintierzentrum-neckarwiesen/","","Website","","Directions","","https://ssl.gstatic.com/local/servicebusiness/default_user.png","""The doctors did everything possible and impossible, but they saved my dog.""","· Closes 10 pm","",""
"https://www.google.com/maps/place/Kleintierpraxis+Dr.+Ernst/data=!4m7!3m6!1s0x4799dad816650777:0x5eaf75115e7ef513!8m2!3d48.7984113!4d9.1756968!16s%2Fg%2F1v_s4w1t!19sChIJdwdlFtjamUcRE_V-XhF1r14?authuser=0&hl=en&rclk=1","Kleintierpraxis Dr. Ernst","4.5","(326)","Veterinarian","·","·","Birkenwaldstraße 214","Closed","·","0711 2566409","http://www.kleintierpraxis-ernst.de/","","Website","","Directions","","https://ssl.gstatic.com/local/servicebusiness/default_user.png","""Good","· Opens 10 am Fri","english","skill"""
"https://www.google.com/maps/place/felmo+Mobiler+Tierarzt+Stuttgart/data=!4m7!3m6!1s0x4799db0d1df75241:0xe4615968680cec2b!8m2!3d48.7520867!4d9.1751811!16s%2Fg%2F11r3s60j5q!19sChIJQVL3HQ3bmUcRK-wMaGhZYeQ?authuser=0&hl=en&rclk=1","felmo Mobiler Tierarzt Stuttgart","4.8","(1,759)","Veterinarian","·","·","Agnesstraße 17","Closed","·","0711 21843183","https://felmo.de/tierarzt/stuttgart/?utm_medium=referral&utm_source=google_my_business&utm_term=stuttgart","","Website","","Directions","","https://ssl.gstatic.com/local/servicebusiness/default_user.png","""I am really happy with the service, though I can only","· Opens 8 am Fri","speak English","."""
"https://www.google.com/maps/place/Tierarzt+Stuttgart,+Tierarzt+Dr.+J%C3%B6rg+Richter/data=!4m7!3m6!1s0x4799c4dd650f9a69:0xcca2458e670366b2!8m2!3d48.78626!4d9.210502!16s%2Fg%2F1tdcw1l5!19sChIJaZoPZd3EmUcRsmYDZ45Fosw?authuser=0&hl=en&rclk=1","Tierarzt Stuttgart, Tierarzt Dr. Jörg Richter","4.8","(237)","Veterinarian","·","·","Haußmannstraße 214","Closed","·","0711 2623117","https://www.tierarztpraxis-richter.de/","","Website","","Directions","","https://ssl.gstatic.com/local/servicebusiness/default_user.png","""I was able to get an appointment the same day without a telephone call.""","","",""
"https://www.google.com/maps/place/Tierarztpraxis+Weinmann+Stuttgart/data=!4m7!3m6!1s0x4799db38827b4965:0xe2695fb2329096a!8m2!3d48.7777865!4d9.1662875!16s%2Fg%2F1tc_vkfc!19sChIJZUl7gjjbmUcRagkpI_uVJg4?authuser=0&hl=en&rclk=1","Tierarztpraxis Weinmann Stuttgart","4.7","(203)","Animal hospital","·","·","Schloßstraße 58","Closed","·","0711 626723","https://www.weinmann-tierarztpraxis.de/","","Website","","Directions","","https://ssl.gstatic.com/local/servicebusiness/default_user.png","""Very lovely stuff""","· Opens 9 am Fri","",""
"https://www.google.com/maps/place/Kleintierpraxis+am+Haigst+GmbH/data=!4m7!3m6!1s0x4799dcaa56e775cb:0x5798931df1d028f7!8m2!3d48.7549151!4d9.1719186!16s%2Fg%2F1tf6_xh3!19sChIJy3XnVqrcmUcR9yjQ8R2TmFc?authuser=0&hl=en&rclk=1","Kleintierpraxis am Haigst GmbH","4.8","(609)","Veterinarian","·","·","Alte Weinsteige 100","Closed","·","0711 762494","https://kleintierpraxisamhaigst.de/","","Website","","Directions","","https://ssl.gstatic.com/local/servicebusiness/default_user.png","""They","· Opens 9 am Fri","speak English","and take great care of our dog!"""
"https://www.google.com/maps/place/Tierklinik+Stuttgart+Plieningen/data=!4m7!3m6!1s0x4799db401fbba3a3:0x9687308921f8ae6e!8m2!3d48.6979159!4d9.2187228!16s%2Fg%2F1ptxchz0_!19sChIJo6O7H0DbmUcRbq74IYkwh5Y?authuser=0&hl=en&rclk=1","Tierklinik Stuttgart Plieningen","4.0","(1,985)","Veterinarian","·","·","Hermann-Fein-Straße 15","Closed","·","0711 637380","http://www.tierklinik-stuttgart.de/","","Website","","Directions","","https://ssl.gstatic.com/local/servicebusiness/default_user.png","""The","· Opens 8 am Fri","vet","team speaks perfect"
"https://www.google.com/maps/place/Tierarztpraxis+Petra+Morlock/data=!4m7!3m6!1s0x4799dcca90c5a579:0x2828741c739d4d85!8m2!3d48.7364792!4d9.1670376!16s%2Fg%2F1td9phcp!19sChIJeaXFkMrcmUcRhU2dcxx0KCg?authuser=0&hl=en&rclk=1","Tierarztpraxis Petra Morlock","4.7","(294)","Veterinarian","·","Julius-Hölder-Straße 60","·","Closes soon","","0711 7676760","http://www.docmorlock.de/","","Website","","Directions","","https://ssl.gstatic.com/local/servicebusiness/default_user.png","""Great staff,","· 7 pm · Opens 9 am Fri","speak","also"
"https://www.google.com/maps/place/Kleintierpraxis+Dr.+med.+Vet.+Nina+M%C3%BCller/data=!4m7!3m6!1s0x4799c4c13c0a8bf7:0x2986df83c2444ec0!8m2!3d48.72332!4d9.2236!16s%2Fg%2F1tj5ppvj!19sChIJ94sKPMHEmUcRwE5EwoPfhik?authuser=0&hl=en&rclk=1","Kleintierpraxis Dr. med. Vet. Nina Müller","4.6","(456)","Veterinarian","·","·","Gutenbergstraße 13","Closed","·","0711 481212","http://www.kleintierpraxis-ninamueller.de/","","Website","","Directions","","https://ssl.gstatic.com/local/servicebusiness/default_user.png","""They rallye Do their best.""","· Opens 9 am Sat","",""
"https://www.google.com/maps/place/Dr.+med.+vet.+Erika+Christiansen,+Ingrid+Kucher,+Lehel+Koo%C5%A1+GbR/data=!4m7!3m6!1s0x4799d16a770ec24f:0x51d1e4874355dfe0!8m2!3d48.9042302!4d9.1471244!16s%2Fg%2F1tftk4zd!19sChIJT8IOd2rRmUcR4N9VQ4fk0VE?authuser=0&hl=en&rclk=1","Dr. med. vet. Erika Christiansen, Ingrid Kucher, Lehel Kooš GbR","4.8","(415)","Veterinarian","·","·","Südliche Alleenstraße 6","Closes soon","·","07141 2993299","https://tierarztpraxis-asperg.de/","","Website","","Directions","","https://ssl.gstatic.com/local/servicebusiness/default_user.png","""The","· 6:30 pm · Opens 9 am Fri","vet","even spoke to me in"
"https://www.google.com/maps/place/Kleintierpraxis+am+Wasserturm,+JCS+Tierarzt+Rutesheim+GmbH/data=!4m7!3m6!1s0x479763840e2a26c9:0xf95fa42b0dd769d1!8m2!3d48.8103808!4d8.927621!16s%2Fg%2F11wx1j1ktj!19sChIJySYqDoRjl0cR0WnXDSukX_k?authuser=0&hl=en&rclk=1","Kleintierpraxis am Wasserturm, JCS Tierarzt Rutesheim GmbH","4.9","(47)","Veterinarian","·","·","Drescherstraße 53","Closed","·","07152 3069693","https://tierarzt-rutesheim.de/","","Website","","Directions","","https://ssl.gstatic.com/local/servicebusiness/default_user.png","""The","· Opens 9 am Sun","vet","was very helpful and informative and speaks outstanding English."""
"https://www.google.com/maps/place/VetChiro+Digel+-+Tier%C3%A4rztliche+Praxis+f%C3%BCr+Chiropraktik+und+Physiotherapie/data=!4m7!3m6!1s0x479e7f4ba98184db:0xd3dab0d92e1f9576!8m2!3d48.7293761!4d9.2665008!16s%2Fg%2F11fz92139n!19sChIJ24SBqUt_nkcRdpUfLtmw2tM?authuser=0&hl=en&rclk=1","VetChiro Digel - Tierärztliche Praxis für Chiropraktik und Physiotherapie","5.0","(20)","Veterinarian","·","Zinsholzstraße 11","·","Closed","","01516 8188007","https://vetchiro-digel.de/","","Website","","Directions","","","","· Opens 8 am Fri","",""
"https://www.google.com/maps/place/Kleintierpraxis+Dr.+med.+vet+Frank+Hildenbrand/data=!4m7!3m6!1s0x4799d8dc8d96916f:0x7bfa490f40175eeb!8m2!3d48.7852561!4d9.0207808!16s%2Fg%2F1tdmcvx0!19sChIJb5GWjdzYmUcR614XQA9J-ns?authuser=0&hl=en&rclk=1","Kleintierpraxis Dr. med. vet Frank Hildenbrand","5.0","(105)","Animal hospital","·","·","Heilbronner Str. 62/64","Closes soon","·","07152 949733","https://www.kleintierpraxis-hildenbrand.de/","","Website","","Directions","","https://ssl.gstatic.com/local/servicebusiness/default_user.png","""I've been coming here since my favorite","· 7 pm · Opens 7 am Fri","vet",", Dr. Ruf, joined the practice."""
"https://www.google.com/maps/place/Kleintierpraxis+Sindelfingen/data=!4m7!3m6!1s0x4799df38bb9e89c3:0x3010e8ced679ac6b!8m2!3d48.7107927!4d9.0025325!16s%2Fg%2F11lglh84fs!19sChIJw4meuzjfmUcRa6x51s7oEDA?authuser=0&hl=en&rclk=1","Kleintierpraxis Sindelfingen","4.7","(85)","Veterinarian","·","·","Wolboldstraße 5","Closed","·","07031 814361","http://www.kleintierpraxissindelfingen.de/","","Website","","Directions","","https://ssl.gstatic.com/local/servicebusiness/default_user.png","""Services are incredibly affordable.""","· Opens 7:30 am Mon","",""
"https://www.google.com/maps/place/Kleintierpraxis+Dr.+Sp%C3%A4th/data=!4m7!3m6!1s0x4799dcdb2d18dba3:0xa8a951fe4d13d0f2!8m2!3d48.7282653!4d9.1499572!16s%2Fg%2F1tdwcxd7!19sChIJo9sYLdvcmUcR8tATTf5Rqag?authuser=0&hl=en&rclk=1","Kleintierpraxis Dr. Späth","4.8","(264)","Veterinarian","·","·","Rembrandtstraße 15","Closed","·","0711 712434","https://www.kleintierpraxis-moehringen.de/","","Website","","Directions","","https://ssl.gstatic.com/local/servicebusiness/default_user.png","""Everyone is very kind, They also","· Opens 9 am Fri","speak English",""""
"","","","","","","","","","","","","","","","","","","","","",""