ID,Practice Name,City,District,Address,Latitude,Longitude,Phone,Website,Verification Status,Last Verified,English Signals
Berlin-1,Berlin English Vet (Tierarztpraxis an den Allee-Arcaden),Berlin,Prenzlauer Berg,"Greifenhagener Str. 45, 10437 Berlin",52.5390605,13.438648,,https://berlin-english-vets.de,Verified,2025-12-26,Verified English Support
Berlin-10,Veterinary Clinic Chung & Wahle,Berlin,Friedenau,"Hauptstraße 89, 12159 Berlin",52.4746437,13.3353241,,http://tierarztpraxis-chung-wahle.com,Verified,2025-12-26,Verified English Support; Confirmed English-speaking via Google Reviews comments
Berlin-101,Kleintiermedizin am Lützowufer,Berlin,Berlin,"Lützowufer 24, 10787 Berlin",52.5062018,13.3493321,030 26397900,https://www.vet-berlin.de/,Verified,2025-12-25,Confirmed English-speaking via Google Reviews comments
Berlin-102,Dipl.Med.Vet. Jörg Porada,Berlin,Berlin,"Rungestraße 18, 10179 Berlin",52.5121682,13.419935,030 2754906,https://tierarztportal.com/berlin/653-dipl-vet-med-joerg-porada,Verified,2025-12-25,Confirmed English-speaking via Google Reviews comments
Berlin-103,Tierarztpraxis Liegnitzer,Berlin,Berlin,"Liegnitzer Str. 19, 10999 Berlin",52.4929802,13.4338649,030 6126474,http://www.tierarztpraxis-liegnitzer.de/,Verified,2025-12-25,Confirmed English-speaking via Google Reviews comments
Berlin-104,Pet-Station (Tierarztpraxis),Berlin,Schöneberg,"Kulmer Str. 26, 10783 Berlin",52.4921297,13.3651314,030 51058546,https://pet-station.de/,Verified,2025-12-26,Verified English Support; Merged with general Tierarztpraxis entry
Berlin-105,Tierarztpraxis Rödiger - Das Veterinärmedizinische Zentrum Berlin - 24h geöffnet,Berlin,Berlin,"Scharnweberstraße 136, 13405 Berlin",52.5643159,13.3262383,030 4127357,https://www.vetzentrum-berlin.de/,Verified,2025-12-25,Verified by Community
Berlin-106,Veterinary Practice by the Water Tower,Berlin,Berlin,Rykestraße 4,52.5350514,13.419747,030 4420329,http://www.tierarztpraxis-wasserturm.de/,Verified,2025-12-27,"Verified English Support; Confirmed via Google Review: """"They speak English"""
Berlin-107,Veterinarian and cattery,Berlin,Berlin,Conrad-Blenkle-Straße 4,52.5281499,13.4502641,030 42085005,http://www.tierarztpraxis-am-velodrom.de/,Verified,2025-12-25,"Confirmed via Google Review: ""English language support."""
Berlin-108,Felmo Mobiler Tierarzt Berlin,Berlin,Berlin,"Alt-Moabit 73/73a, 10555 Berlin",52.524102,13.332714,0800 0010347,https://felmo.de/tierarzt/berlin/?utm_medium=referral&utm_source=google_my_business&utm_term=berlin,Verified,2025-12-25,Verified by Community
Berlin-11,Tierarztpraxis Peters,Berlin,Weißensee,"Lehderstraße 42, 13086 Berlin (Weißensee)",52.5514741,13.437026,,https://www.tierarztpraxis-peters-weissensee.de/,Verified,2025-12-24,Verified English Support
Berlin-110,filu Tierarzt Berlin Charlottenburg,Berlin,Charlottenburg,"Olivaer Platz 15, 10707 Berlin",52.499682,13.3162955,,https://filu.vet/berlin/charlottenburg,Verified,2025-12-26,Verified English Support
Berlin-111,Veterinary clinic for cats - vets for cats Berlin,Berlin,Berlin,"Bayerischer Pl. 2, 10779 Berlin",52.4897329,13.3391583,030 34398877,https://www.vetsforcats.de/,Verified,2025-12-25,Verified by Community
Berlin-112,Veterinary clinic for small animals and pets,Berlin,Berlin,Alt-Biesdorf 22,52.5087827,13.5557674,030 5143760,https://www.tierklinik-in-biesdorf.de/,Verified,2025-12-25,"Confirmed via Google Review: ""was kind, calm and they spoke"""
Berlin-113,Rex Tierarztpraxis Berlin-Prenzlauer Berg,Berlin,Berlin,"Greifswalder Str. 204, 10405 Berlin",52.5334687,13.4293548,030 91733620,https://www.rex.app/praxen/berlin-prenzlauer-berg,Verified,2025-12-25,Verified by Community
Berlin-115,Dr.med.vet. Claudia Pastor Tierärztin,Berlin,Berlin,"Brüsseler Str. 52A, 13353 Berlin",52.54868,13.3531601,030 4539080,http://www.tierarztpraxis-pastor.de/,Verified,2025-12-25,Verified by Community
Berlin-116,Dr. med. vet. Claudia Handke,Berlin,Berlin,"Danziger Str. 15, 10435 Berlin",52.5407316,13.4157091,030 4421760,http://www.tierarztpraxis-prenzlauerberg.de/,Verified,2025-12-25,Verified by Community
Berlin-118,Kleintierpraxis im Kiez - TA Jörg Saecker,Berlin,Berlin,"Pohlstraße 69, 10785 Berlin",52.5008191,13.3628081,0163 6746922,http://www.kieztierarzt.de/,Verified,2025-12-25,Verified by Community
Berlin-119,Veterinary practice Friedrichshain Sabine Heidel,Berlin,Berlin,"Auerstraße 44, 10249 Berlin",52.5209184,13.4462681,030 78083485,http://www.tierarztpraxis-friedrichshain.de/,Verified,2025-12-25,Verified by Community
Berlin-120,Tierarztpraxis Dr. Peter Vogel,Berlin,Berlin,"Finowstraße 14, 10247 Berlin",52.5114026,13.4666047,030 29776835,http://www.drpetervogel.de/,Verified,2025-12-25,Verified by Community; Verified English Support; Address updated from Ebelingstraße
Berlin-121,Veterinary practice E. Laskawy,Berlin,Berlin,"Bänschstraße 58, 10247 Berlin",52.5176605,13.4663371,030 4267684,http://www.laskawy-berlin.de/,Verified,2025-12-25,Verified by Community; Verified English Support; Address updated from Bänschstraße 70
Berlin-122,Rex Tierarztpraxis Berlin-Friedrichshain,Berlin,Berlin,"Revaler Str. 17, 10245 Berlin",52.5072059,13.4575494,030 91734338,https://www.rex.app/praxen/rex-berlin-friedrichshain,Verified,2025-12-25,Verified by Community
Berlin-123,Tierarztpraxis Rotgang,Berlin,Berlin,"Greifswalder Str: 21, 10405 Berlin",52.5310183,13.4278352,030 4254696,https://www.tierarztpraxis-rotgang.de/,Verified,2025-12-25,Verified by Community
Berlin-124,Tierarztpraxis Oldenburger Straße,Berlin,Berlin,"Oldenburger Str. 44, 10551 Berlin",52.5289304,13.3357299,030 3951555,http://www.tierarztpraxis-oldenburger-strasse.de/,Verified,2025-12-25,Verified by Community
Berlin-125,Tierarztpraxis am Südkreuz,Berlin,Berlin,"Gustav-Müller-Straße 19, 10829 Berlin",52.4808667,13.3621523,030 96083860,http://www.tierarztpraxis-am-suedkreuz.de/,Verified,2025-12-25,Verified by Community
Berlin-126,DER TIERARZT Dr. Theobald in Schöneberg,Berlin,Berlin,"Eisenacher Str. 40, 10781 Berlin",52.4898995,13.3487913,030 2111779,https://tierarztschoeneberg.de/,Verified,2025-12-25,Verified by Community
Berlin-14,Tierarztpraxis Sarah Watson,Berlin,Neukölln,"Altenbraker Str. 29, 12051 Berlin (Neukölln)",52.468653,13.4330363,,https://www.tierarzt-watson.de/,Verified,2025-12-24,Verified English Support
Berlin-15,Kleintierpraxis 4 Pfoten & Co,Berlin,Lichtenberg,"Fanningerstraße 27, 10365 Berlin (Lichtenberg)",52.5143907,13.4951561,,http://www.4pfoten-berlin.de/,Verified,2025-12-24,Verified English Support
Berlin-16,Tierarztpraxis Dr. Renate Lorenz,Berlin,Lichterfelde,"Oberhofer Weg 68, 12209 Berlin (Lichterfelde)",52.4183156,13.3320078,,http://tier-arzt.berlin/,Verified,2025-12-24,Verified English Support
Berlin-17,Tierarztpraxis Bartels & Wende (formerly Heinemann),Berlin,Wilmersdorf,"Mansfelder Straße 19, 10713 Berlin (Wilmersdorf)",52.4888413,13.3110131,,https://www.berliner-tierarztpraxis.de/,Verified,2025-12-24,Verified by Community
Berlin-18,Tierarztpraxis am Mauerpark,Berlin,Prenzlauer Berg,"Wolliner Str. 21, 10435 Berlin (Prenzlauer Berg)",52.5395953,13.401733,,https://www.tierarztpraxis-am-mauerpark.de/,Verified,2025-12-25,Verified by Community
Berlin-19,Tierarztpraxis Dr. Stahlhut (Tierarzt Westend),Berlin,Westend,"Reichsstraße 2, 14052 Berlin (Westend)",52.5107099,13.2709188,,https://www.tierarzt-westend.de/,Verified,2025-12-24,Verified English Support
Berlin-2,The Berlin Veterinary Center (Zentrum für Tiermedizin / Dr. Rödiger),Berlin,Reinickendorf,"Scharnweberstraße 136, 13405 Berlin (Reinickendorf)",52.5638367,13.3258987,,https://www.vetzentrum-berlin.de/en/,Verified,2025-12-24,Verified by Community
Berlin-20,"Tierarztpraxis Pastor (""Tierärzte im Kiez"")",Berlin,Friedrichshagen,"Bölschestraße 8, 12587 Berlin (Friedrichshagen)",52.4478304,13.62464,,https://www.tieraerzte-im-kiez.de/,Verified,2025-12-24,Verified English Support
Berlin-22,Tierarztpraxis Dr. Till Robl,Berlin,Prenzlauer Berg,"Husemannstraße 3, 10435 Berlin (Prenzlauer Berg)",52.5371564,13.41717,,http://www.tierarztpraxis-robl.de/,Verified,2025-12-24,Verified English Support
Berlin-23,Tierarztpraxis Grünau (Dr. Manuela Wight),Berlin,Treptow-Köpenick,"Regattastraße 58, 12527 Berlin (Treptow-Köpenick)",52.4156983,13.5819704,,https://www.tierarztpraxisgruenau.de/,Verified,2025-12-24,Verified English Support
Berlin-24,Tiermedizinzentrum Berlin (Schöneberg),Berlin,Schöneberg,"Kufsteiner Str. 22, 10825 Berlin",52.4855545,13.3366726,,https://www.tiermedizinzentrum.de/,Verified,2025-12-24,Verified English Support; Jameda Verified
Berlin-25,Dr. med. vet. Katharina Dralle (Friedenau),Berlin,Friedenau,"Rotdornstr. 7, 12161 Berlin",52.4708837,13.3254512,,https://www.tierarzt-dralle-berlin.de/,Verified,2025-12-24,Verified English Support; Jameda Verified
Berlin-26,Tierarztpraxis am Schlosspark (Jana Czernutzky),Berlin,Pankow,"Dietzgenstraße 28, 13156 Berlin (Pankow)",52.5825569,13.4043662,,https://www.tierarzt-schlosspark.de/,Verified,2025-12-24,Verified English Support; Jameda Verified
Berlin-27,Dr. Claudia Wegeler (Tempelhof),Berlin,Tempelhof,"Rangsdorfer Str. 9, 12307 Berlin",52.3889464,13.3905872,,http://www.tierarztpraxis-dr-wegeler.de,Verified,2025-12-26,Verified English Support; Jameda Verified
Berlin-28,Tierarztpraxis Dr. med. vet. Stephanie Adams (Bernau),Berlin,Bernau,"Wandlitzer Chaussee 1, 16321 Bernau",52.6823492,13.5858973,,https://www.tierverhaltenstherapie-adams.de,Verified,2025-12-26,Verified English Support; Jameda Verified
Berlin-29,Bernhard Alexander (Schöneberg),Berlin,Schöneberg,"Hauptstr. 92, 10827 Berlin",52.4763237,13.3418436,,,Permanently Closed,2025-12-26,Verified English Support
Berlin-3,Rex Tierarztpraxis (Multiple Locations),Berlin,Friedrichshain / Others,"Friedenstraße 94, 10249 Berlin",52.5222543,13.4352901,,https://www.rex.app/en,Verified,2025-12-24,Verified English Support
Berlin-31,Tierarztpraxis am Olivaer Platz (Dr. med. vet. S. Robl),Berlin,Wilmersdorf,"Olivaer Platz 11, 10707 Berlin",52.499682,13.3162955,,,Permanently Closed,2025-12-24,Verified English Support
Berlin-32,AniCura Tierklinik Berlin-Biesdorf,Berlin,Biesdorf,"Alt-Biesdorf 22, 12683 Berlin (Biesdorf)",52.5087397,13.5557345,,https://www.anicura.de/standorte/tierklinik-berlin-biesdorf/,Verified,2025-12-24,Verified English Support
Berlin-33,Tierarztpraxis Sonnenallee - Dr. Jana Kudritzki und Daniel Kitzing,Berlin,Neukölln,"Sonnenallee 204, 12059 Berlin",52.4746,13.4542,030 6814455,https://www.tierarztpraxis-sonnenallee.de/,Verified,2025-12-26,Verified English Support; Community Verified
Berlin-34,Tierarztpraxis am Lietzenseepark (Dr. Layla Hourani),Berlin,Charlottenburg,"Riehlstraße 3, 14057 Berlin",52.505618,13.285243,,http://tierarztpraxis-am-lietzenseepark.de,Verified,2025-12-26,Verified by Community
Berlin-37,Tierarztpraxis Gotthardt,Berlin,Grunewald,"Winkler Str. 21, 14193 Berlin",52.489252,13.2714154,,http://tierarzt-berlin-gotthardt.de,Verified,2025-12-26,Verified by Community; Address updated from Winkler Straße 2
Berlin-38,Marita Toepfer Veterinary Services,Berlin,Zehlendorf,"Beerenstraße 28, 14163 Berlin",52.4364378,13.2415326,,,Permanently Closed,2025-12-26,Verified by Community
Berlin-39,Tierarztpraxis Dr. C. S. Alexander,Berlin,Steglitz,"Steglitzer Damm 48, 12169 Berlin",52.4501772,13.3437303,,http://tierphysiotherapie-alexander.de,Verified,2025-12-26,Verified by Community; Now specializes in animal physiotherapy
Berlin-4,Felmo Mobile Veterinarians,Berlin,Home Visits*,"Alt-Moabit 73/73a, 10555 Berlin (Mobile Service)",52.52410159999999,13.3327137,,https://felmo.de/en,Verified,2025-12-24,Verified English Support
Berlin-41,Tierarztpraxis am Urbanhafen,Berlin,Kreuzberg,"Baerwaldstraße 69, 10961 Berlin",52.4919415,13.4029716,,http://www.tierarztpraxis-am-urbanhafen.de,Verified,2025-12-26,Confirmed English-speaking via Google Reviews comments; Address updated from Blücherstraße
Berlin-42,Praxis Tierzuliebe (Dr. Bertram),Berlin,Charlottenburg,"Edisonstraße 12, 12459 Berlin",52.5043327,13.2957476,,http://www.praxis-tierzuliebe.de,Verified,2025-12-26,Verified by Community; Address updated from Friedbergstraße
Berlin-43,Mobile Tierarztpraxis Berlin - Dr. Pascal Klunder,Berlin,Schöneberg,"Gutzkowstraße 4, 10827 Berlin (Mobile Service)",52.4834,13.3524,0162 7462404,https://tierarzt-mobil-berlin.de/,Verified,2025-12-26,Verified English Support
Berlin-44,Tierarztpraxis Dr. Wolfgang Beck,Berlin,Neukölln,"Weichselstraße 25, 12045 Berlin (Neukölln)",52.4870325,13.4368022,030 6239664,http://www.tierarztpraxis-dr-beck.de/index.htm,Verified,2025-12-26,"Verified English Support; Community Verified; Confirmed via Google Review: ""English speaking and always have the best solutions"""
Berlin-45,Medivet Berlin-Pankow,Berlin,Pankow,"Pasewalker Straße 25, 13127 Berlin",52.5883891,13.429743,,https://www.medivetgroup.com/de/tierarztpraxis-suche/berlin/medivet-berlin-pankow/,Verified,2025-12-24,Verified English Support
Berlin-5,Klinik für kleine Haustiere (FU Berlin Small Animal Clinic),Berlin,Düppel/Zehlendorf,"Oertzenweg 19b, 14163 Berlin (Düppel/Zehlendorf)",52.4290895,13.236957,030 83862356,https://www.vetmed.fu-berlin.de/einrichtungen/kliniken/we20/index.html,Verified,2025-12-24,Verified English Support
Berlin-6,Dr. Jens Vöster,Berlin,Charlottenburg,"Hohenzollerndamm 185, 10713 Berlin",52.4914239,13.3181079,,https://tierarztpraxis-berlin.net,Verified,2025-12-26,Community Verified
Berlin-7,Tierarztpraxis Anne Gamalski,Berlin,Charlottenburg,"Weimarer Str. 9, 10625 Berlin (Charlottenburg)",52.5099783,13.3116933,,http://www.tierarztpraxis-gamalski.de/,Verified,2025-12-24,Verified English Support
Berlin-8,Kleintierspezialisten Berlin,Berlin,Tegel,"Wittestraße 30 P, 13509 Berlin (Tegel)",52.5804781,13.2946262,,https://www.kleintierspezialisten.de/en,Verified,2025-12-24,Verified English Support; Jameda Verified
Berlin-81,Valera Veterinary Clinic,Berlin,Zehlendorf,"Potsdamer Straße 23/24, 14163 Berlin",52.4332462,13.2592737,030 201805750,https://www.valeratierklinikberlin.com/,Verified,2025-12-26,Verified English Support
Berlin-9,Veterinary Practice Bärenwiese,Berlin,Wilmersdorf,"Uhlandstraße 151, 10719 Berlin",52.5067778,13.2677368,0174 1601606,https://tierarzt-baerenwiese.de,Verified,2025-12-26,Verified English Support
Berlin-95,Pfotendoctor - dein digitaler Tierarzt,Berlin,Mitte,"Wöhlertstraße 12-13, 10115 Berlin",52.5372757,13.3786958,0800 7777444,https://www.pfotendoctor.de/,Verified,2025-12-25,Digital-only service with multiple reviews mentioning English-speaking doctors.; Verified English Support
Berlin-96,Veterinary practice Galina Schirow GmbH (Hansavet),Berlin,Hansaviertel,"Bartningallee 5, 10557 Berlin",52.5190267,13.3427188,030 39886966,http://www.vetpraxis-schirow.de/,Verified,2025-12-25,"Multilingual team (English, German, Russian); Review: 'A highly competent and caring team of veterinarians - perfect for internationals!'; Verified English Support"
Berlin-97,Tierarztpraxis Brigitte Ludwig-Kahya,Berlin,Kreuzberg,"Wilhelmstraße 3, 10963 Berlin",52.500908,13.391216,030 2513480,http://www.tierarztpraxis-in-kreuzberg.de/,Verified,2025-12-25,Review: 'EVERYONE SPEAKS ENGLISH. The place is amazingly clean and spacious.'; Fluent English staff members confirmed by multiple international pet owners.
Berlin-98,Tierarztpraxis Dr. Demmler und Dr. Wehming,Berlin,Berlin,"Wiener Straße 25, 10999 Berlin",52.49969,13.43355,030 6181766,https://www.tierarzt-wienerstrasse.de/,Verified,2025-12-26,"Confirmed English-speaking via Google Reviews comments; Confirmed via Google Review: ""English speaking doctors!"""
Berlin-99,Dr. Johanna Pauls,Berlin,Berlin,"Rykestraße 35, 10405 Berlin",52.5385307,13.4216955,030 23900061,http://www.kleintier-sonographie.de/?page_id=122,Verified,2025-12-25,Confirmed English-speaking via Google Reviews comments
Cologne-New-1,Tierarztpraxis am Aachener Weiher,Cologne,Lindenthal,Liliencronstraße 2 50931 Köln,50.935,6.925,0221 29826163,https://www.taw-koeln.de/,Verified,2025-01-26,Highly recommended on Reddit for English
Cologne-New-2,Tierarztpraxis an den Poller Wiesen,Cologne,Poll,Siegburger Str. 250 51105 Köln,50.915,6.985,0221 8999701,https://www.tierarztpraxis-poll.de/,Verified,2025-01-26,Reddit recommended; Online booking
Cologne-New-3,Vet Zentrum Köln (Kleintierklinik am Kö),Cologne,Braunsfeld,Scheidtweilerstraße 19 50933 Köln,50.94,6.89,0221 545764,https://www.vetzentrum-koeln.de/,Verified,2025-01-26,Clinic; Major center
Frankfurt-127,Flynn Family Medicine,Frankfurt,Unknown,Schulstraße 2,50.1054571,8.6873342,06371 9527070,http://www.flynnsmedical.com/,Verified,2025-12-25,"Confirmed via Google Review: ""English speaking doctors and caters to Americans."""
Frankfurt-129,Tierhotel Rhein-Main,Frankfurt,Unknown,Teichstraße 201,50.1030275,8.694155,0177 2787657,http://www.tierhotel-rhein-main.de/,Verified,2025-12-25,"Confirmed via Google Review: ""speaking English"""
Frankfurt-46,Filu Vet Nordend,Frankfurt,Nordend,"Weberstraße 59, 60318 Frankfurt am Main",50.1265373,8.6865236,,https://www.filu.vet,Verified,2025-12-24,Verified English Support
Frankfurt-47,Rex Tierarzt Frankfurt Ostend,Frankfurt,Ostend,"Wittelsbacherallee 26, 60316 Frankfurt am Main",50.119189,8.7031839,,https://www.rex.app/clinics/frankfurt-ostend,Verified,2025-12-24,Verified English Support
Frankfurt-48,Tierarztpraxis Sonja Krämer,Frankfurt,Sossenheim,"Westerbachstraße 226, 65936 Frankfurt am Main (Sossenheim)",50.1237711,8.5766749,,https://www.tierarzt-kraemer.de/en/,Verified,2025-12-24,Verified English Support
Frankfurt-49,Tierarztpraxis Dr. Maike Höch,Frankfurt,Eckenheim,"Eckenheimer Landstraße 340, 60435 Frankfurt (Eckenheim)",50.1488729,8.6813374,,https://www.dr-hoech.de/en/,Verified,2025-12-24,Verified English Support
Frankfurt-50,Tierklinik Hofheim (Specialist Center),Hofheim,Specialist Center,"Im Ried 12, 65719 Hofheim am Taunus",50.0896786,8.4623423,,https://www.tierklinik-hofheim.de,Verified,2025-12-24,Verified English Support
Frankfurt-51,AniCura Kleintierzentrum (Juliusstraße),Frankfurt,Bockenheim,"Juliusstraße 12, 60487 Frankfurt",50.1234958,8.6448043,,https://www.anicura.de/standorte/frankfurt/,Verified,2025-12-26,Community Verified
Frankfurt-52,Dr. Andrea Töpfer,Frankfurt,Ginnheim,"Füllerstraße 100, 60431 Frankfurt",50.1434282,8.6488114,,http://www.tierarztpraxis-toepfer.de,Verified,2025-12-26,Verified by Community
Frankfurt-53,Dr. Cavalcanti (VetPetCare),Bad Homburg,Bad Homburg,"Kirdorfer Str. 14, 61350 Bad Homburg vor der Höhe",50.1766221,8.6320784,,https://kleintierpraxis-vetpetcare.de,Verified,2025-12-24,Verified English Support
Frankfurt-54,Tierarztpraxis Maja Firlé,Frankfurt,Gallus/City West,"Hamburger Allee 14, 60486 Frankfurt am Main",50.1277397,8.6862685,,https://www.tierarztpraxis-frankfurt.de/,Verified,2025-12-24,Verified English Support
Frankfurt-55,Tierarztpraxis Sachsenhausen (Dr. Jan Kullen / Dr. Elena Panova),Frankfurt,Dr. Jan Kullen / Dr. Elena Panova,"Textorstraße 93, 60596 Frankfurt am Main",50.0995779,8.6813158,,https://www.tierarzt-sachsenhausen.de/,Verified,2025-12-24,Verified English Support
Frankfurt-56,Kleintierklinik Frankfurt Bockenheim,Frankfurt,Bockenheim,"Ginnheimer Landstraße 11, 60487 Frankfurt am Main",50.1288579,8.6423265,,https://www.tierklinik-frankfurt.de/,Verified,2025-12-24,Verified English Support
Frankfurt-57,Tierarztpraxis am Kurfürstenplatz (Bockenheim),Frankfurt,Bockenheim,"Kurfürstenstraße 3, 60486 Frankfurt am Main",50.1224332,8.6451228,,https://www.tierarzt-bockenheim.de/,Verified,2025-12-24,Verified English Support
Frankfurt-58,Tierarztpraxis Bornheim (Dr. Katrin Witt),Frankfurt,Dr. Katrin Witt,"Heisterstraße 1, 60385 Frankfurt am Main",50.1036973,8.696417,,https://www.tierarztpraxis-bornheim.de/,Verified,2025-12-24,Verified by Community
Frankfurt-59,Tierarztpraxis Dr. Joachim & Katja Gross,Frankfurt,Sachsenhausen,"Mörfelder Landstraße 263, 60598 Frankfurt (Sachsenhausen)",50.0935559,8.6782109,,https://www.tierarzt-frankfurt-sachsenhausen.de/,Verified,2025-12-24,Verified English Support
Frankfurt-60,Tierklinik Kalbach (Kleintierklinik am Nordpark),Frankfurt,"Am Nordpark 10), 60437 Frankfurt am Main","Max-Holder-Straße 4 (Am Nordpark 10), 60437 Frankfurt am Main",50.18973,8.6509635,,https://tierklinik-kalbach.de/,Verified,2025-12-24,Verified English Support
Frankfurt-61,Tierarztpraxis Berger (Melanie Berger),Frankfurt,Sachsenhausen,"Darmstädter Landstraße 48, 60594 Frankfurt (Sachsenhausen)",50.1019831,8.6906204,,https://tierarztpraxis-berger.com/,Verified,2025-12-24,Verified English Support; Community Verified
Frankfurt-62,Tierklinik Trillig (Obertshausen),Frankfurt,Obertshausen,"Birkenwaldstr. 42, 63179 Obertshausen",50.07601040000001,8.875295,,https://www.tierklinik-trillig.de,Verified,2025-12-24,Verified English Support
Frankfurt-63,Kleintierpraxis Frankfurt (Dr. Moudrianakis),Frankfurt,Frankfurt,"Leerbachstraße 122, 60322 Frankfurt",50.1243152,8.6719379,,http://www.kleintierpraxis-frankfurt.de,Verified,2025-12-26,Verified by Community
Frankfurt-64,Dr. med. vet. Sandra Härtter,Frankfurt,Bergen-Enkheim,"Leuchte 47, 60388 Frankfurt",50.1433522,8.7626709,,http://www.tierarzt-bergen-enkheim.de,Verified,2025-12-26,Verified English Support
Frankfurt-65,Tierarztpraxis Dr. med. vet. Moormann,Königstein,Königstein,"Frankfurter Str. 11, 61462 Königstein im Taunus",50.1815992,8.471150399999999,,https://www.tierarzt-moormann.de/,Verified,2025-12-24,Verified English Support; Community Verified
Frankfurt-66,Praxis Dr. med. vet. Anette Fach (Oberursel),Oberursel,Taunus,"Dornbachstr. 33 a, 61440 Oberursel (Taunus)",50.2144864,8.5668588,,https://www.kleintierpraxis-oberursel.de/,Verified,2025-12-24,Verified English Support; Jameda Verified
Frankfurt-67,Kleintierpraxis am Zauberberg (Dr. Katja Feuerbacher),Kelkheim,Taunus,"Robert-Koch-Str. 116, 65779 Kelkheim (Taunus)",50.1773429,8.404821,,https://www.kleintierpraxis-kelkheim.de/,Verified,2025-12-24,Verified English Support; Jameda Verified
Frankfurt-68,Felmo Mobiler Tierarzt (Frankfurt),Frankfurt,Frankfurt,"Königsberger Str. 2, 60487 Frankfurt am Main (Mobile Service)",50.1290747,8.628140799999999,,https://felmo.de/tierarzt/frankfurt,Verified,2025-12-24,Verified English Support
Frankfurt-69,Veterinary Medical Center Europe,Frankfurt,Unknown,"2928, Vogelweh",50.1109221,8.6821267,06371 94641900,https://www.google.com/maps/place/Veterinary+Medical+Center+Europe/data=!4m7!3m6!1s0x4796732974646ce7:0xb433a9c9a364d97e!8m2!3d49.4295152!4d7.6861462!16s%2Fg%2F11c208rp4z!19sChIJ52xkdClzlkcRftlko8mpM7Q?authuser=0&hl=en&rclk=1,Verified,2025-12-27,"Confirmed via Google Review: ""Great service, friendly helpful""; Confirmed via Google Review: ""English speaking lady""; Confirmed via Google Review: ""English speaking lady"""
Frankfurt-71,Tierarztpraxis Andres De Lima,Frankfurt,Unknown,Auf d. Pick 2b,50.1109221,8.6821267,06371 9188440,https://www.google.com/maps/place/Tierarztpraxis+Andres+De+Lima/data=!4m7!3m6!1s0x4796751aeabed1e5:0x9af5d33d4d1da710!8m2!3d49.4081967!4d7.5827648!16s%2Fg%2F11g0dsyzwr!19sChIJ5dG-6hp1lkcREKcdTT3T9Zo?authuser=0&hl=en&rclk=1,Verified,2025-12-25,"Confirmed via Google Review: ""spoke perfect"""
Frankfurt-73,Animal Hospital Hofheim GbR,Hofheim,Unknown,Katharina-Kemmler-Straße 7,50.0896786,8.4623423,06192 290290,https://www.google.com/maps/place/Animal+Hospital+Hofheim+GbR/data=!4m7!3m6!1s0x47bda1624f17d315:0xf80a023b02607a8f!8m2!3d50.0896786!4d8.4623423!16s%2Fg%2F1tlc_94t!19sChIJFdMXT2KhvUcRj3pgAjsCCvg?authuser=0&hl=en&rclk=1,Verified,2025-12-27,"Confirmed via Google Review: ""and take all forms of payment.""; Confirmed via Google Review: ""English speaking and take all forms of payment.""; Confirmed via Google Review: ""English speaking and take all forms of payment."""
Frankfurt-74,Animova Veterinarian - Tierarzt,Frankfurt,Unknown,Daimlerstraße 7,50.1109221,8.6821267,06371 914314,https://www.google.com/maps/place/Animova+Veterinarian+-+Tierarzt/data=!4m7!3m6!1s0x47967519e7a7127b:0x22fb56f1632a28b1!8m2!3d49.419052!4d7.5727132!16s%2Fg%2F1thw5nz2!19sChIJexKn5xl1lkcRsSgqY_FW-yI?authuser=0&hl=en&rclk=1,Verified,2025-12-27,"Confirmed via Google Review: ""which made my trips very easy.""; Confirmed via Google Review: ""speak English which made my trips very easy.""; Confirmed via Google Review: ""speak English which made my trips very easy."""
Frankfurt-75,Tierärztliche Klinik Für Kleintiere,Frankfurt,Unknown,Juliusstraße 12,50.1109221,8.6821267,06561 12012,https://www.google.com/maps/place/Vet.+Med.+Praxis+Bitburg/data=!4m7!3m6!1s0x47bfddde431fd367:0x7651d2a0b4bd1876!8m2!3d49.9734782!4d6.5204765!16s%2Fg%2F1pxwmcg8r!19sChIJZ9MfQ97dv0cRdhi9tKDSUXY?authuser=0&hl=en&rclk=1,Verified,2025-12-25,"Confirmed via Google Review: ""and they were all nice.""; Confirmed via Google Review: ""English and they were all nice.""; Confirmed via Google Review: ""and take VAT forms, and are very kind and caring.""; Confirmed via Google Review: ""speak English and take VAT forms, and are very kind and caring.""; Confirmed via Google Review: ""and treat my dog very well so far.""; Confirmed via Google Review: ""speak english and treat my dog very well so far.""; Confirmed via Google Review: ""speak English"""
Frankfurt-77,Small veterinary practice Dr. Barth,Frankfurt,Unknown,Jahnstraße 80,49.8600795,8.6598085,06301 5552,https://www.google.com/maps/place/Small+veterinary+practice+Dr.+Barth/data=!4m7!3m6!1s0x47960da805af349d:0x79125332be378b61!8m2!3d49.475439!4d7.7142676!16s%2Fg%2F1tjppfm9!19sChIJnTSvBagNlkcRYYs3vjJTEnk?authuser=0&hl=en&rclk=1,Verified,2025-12-27,"Verified English Support; Confirmed via Google Review: """"They speak English"""
Frankfurt-78,Dr. med. vet. Tilman Michelberger,Frankfurt,Unknown,Kindsbacher Str. 9,50.1109221,8.6821267,06371 70040,https://www.google.com/maps/place/Dr.+med.+vet.+Tilman+Michelberger/data=!4m7!3m6!1s0x47960ab34aa6589f:0x903245d0a30d0c6b!8m2!3d49.4443583!4d7.5583946!16s%2Fg%2F1xtf0hv8!19sChIJn1imSrMKlkcRawwNo9BFMpA?authuser=0&hl=en&rclk=1,Verified,2025-12-27,"Confirmed via Google Review: ""and are well educated and treated my dog with such love.""; Confirmed via Google Review: ""speak English and are well educated and treated my dog with such love.""; Confirmed via Google Review: ""speak English and are well educated and treated my dog with such love."""
Frankfurt-79,Dr. med. vet. Otto Doermer,Frankfurt,Sachsenhausen,Mörfelder Landstraße 98,50.0968403,8.6835219,069 60607887,https://www.google.com/maps/place/Dr.+med.+vet.+Otto+Doermer/data=!4m7!3m6!1s0x47bd0c19f177f047:0x7b30cef7f62abbd!8m2!3d50.0968403!4d8.6835219!16s%2Fg%2F1tg396hk!19sChIJR_B38RkMvUcRvatif-8Mswc?authuser=0&hl=en&rclk=1,Verified,2025-12-27,"Confirmed via Google Review: ""English speaking staff;""; Confirmed via Google Review: ""staff;"" · 6 pm · Opens 9:30 am Fri"""
Frankfurt-80,Kleintierpraxis Dr. Corinne Martin,Frankfurt,Unknown,Häusserstraße 36,49.4000822,8.6886929,06221 6730600,https://www.google.com/maps/place/Kleintierpraxis+Dr.+Corinne+Martin/data=!4m7!3m6!1s0x4797c0e6b69d6f4f:0xe0ac382bdb44ec3d!8m2!3d49.4000822!4d8.6886929!16s%2Fg%2F11csqbw2dm!19sChIJT2-dtubAl0cRPexE2ys4rOA?authuser=0&hl=en&rclk=1,Verified,2025-12-27,"Confirmed via Google Review: ""and nurses.""; Confirmed via Google Review: ""English speaking vets and nurses.""; Confirmed via Google Review: ""English speaking vets and nurses."""
Frankfurt-82,Tierarztpraxis Dr. Kindler AniCura Wiesbaden Schierstein GmbH,Wiesbaden,Unknown,Saarbrücker Allee 7,50.0459109,8.2048268,0611 1885815,https://www.google.com/maps/place/Tierarztpraxis+Dr.+Kindler+AniCura+Wiesbaden+Schierstein+GmbH/data=!4m7!3m6!1s0x47bd95edb7da87f3:0x3c68002a0ade2fb6!8m2!3d50.0459109!4d8.2048268!16s%2Fg%2F1tdj3b78!19sChIJ84fat-2VvUcRti_eCioAaDw?authuser=0&hl=en&rclk=1,Verified,2025-12-27,"Confirmed via Google Review: ""as well :)""; Confirmed via Google Review: ""English as well :)""; Confirmed via Google Review: ""English as well :)"""
Frankfurt-83,"Dr. Müller, Dr. Rohmer und Dr. Falkenhorst Tierarztpraxis",Frankfurt,Unknown,Merscheider Weg 1,50.1109221,8.6821267,06562 930081,"https://www.google.com/maps/place/Dr.+M%C3%BCller,+Dr.+Rohmer+und+Dr.+Falkenhorst+Tierarztpraxis/data=!4m7!3m6!1s0x47bfda725b060539:0x5a2797baf917e651!8m2!3d49.9365334!4d6.6399455!16s%2Fg%2F1w6_mzgk!19sChIJOQUGW3Lav0cRUeYX-bqXJ1o?authuser=0&hl=en&rclk=1",Verified,2025-12-27,"Confirmed via Google Review: ""in the area.""; Confirmed via Google Review: ""English speaking vet in the area.""; Confirmed via Google Review: ""English speaking vet in the area."""
Frankfurt-84,Armin Drexler,Frankfurt,Unknown,Heinzenberg 22,50.1109221,8.6821267,06542 962999,https://www.google.com/maps/place/Armin+Drexler/data=!4m7!3m6!1s0x417340724cf1cc6d:0x835d22742f77ef3!8m2!3d50.0104489!4d7.1883962!16s%2Fg%2F1tgn_y8y!19sChIJbczxTHJAc0ER8373QifSNQg?authuser=0&hl=en&rclk=1,Verified,2025-12-25,"Confirmed via Google Review: ""English well."""
Frankfurt-86,Kleintierpraxis Maifeld Kathrin Bau,Frankfurt,Unknown,August-Horch-Straße 19,50.3055921,7.3255195,02654 8827188,https://www.google.com/maps/place/Kleintierpraxis+Maifeld+Kathrin+Bau/data=!4m7!3m6!1s0x47be5d16781dc7a3:0x545e312e0646a5ba!8m2!3d50.3055921!4d7.3255195!16s%2Fg%2F11crzjh8j1!19sChIJo8cdeBZdvkcRuqVGBi4xXlQ?authuser=0&hl=en&rclk=1,Verified,2025-12-25,"Confirmed via Google Review: ""English speaking vet"""
Frankfurt-87,Tierarztpraxis Susann Gaudlitz - Bad Vilbel,Frankfurt,Unknown,Wilhelmstraße 22,50.186915,8.740145499999999,06101 47619,https://www.google.com/maps/place/Tierarztpraxis+Susann+Gaudlitz+-+Bad+Vilbel/data=!4m7!3m6!1s0x47bd0580e4a30683:0x922d48dd7ba516e6!8m2!3d50.186915!4d8.7401454!16s%2Fg%2F1tf1myqh!19sChIJgwaj5IAFvUcR5hale91ILZI?authuser=0&hl=en&rclk=1,Verified,2025-12-27,"Confirmed via Google Review: ""English""; Confirmed via Google Review: """"Friendly, accurate, informative, fluent in English"""
Frankfurt-93,Dr. Gabriele Schoenert-Wißfeld,Frankfurt,Nordend,Schlosserstraße 21,50.13127,8.6817896,069 553366,https://www.google.com/maps/place/Dr.+Gabriele+Schoenert-Wi%C3%9Ffeld/data=!4m7!3m6!1s0x47bd0ec9443198e9:0x3181802f48b397cc!8m2!3d50.13127!4d8.6817896!16s%2Fg%2F1tlnck70!19sChIJ6ZgxRMkOvUcRzJezSC-AgTE?authuser=0&hl=en&rclk=1,Verified,2025-12-27,"Confirmed via Google Review: ""and not only.""; Confirmed via Google Review: ""English and not only.""; Confirmed via Google Review: ""English and not only."""
Frankfurt-95,Deutsche Gesellschaft für Mauersegler e. V.,Frankfurt,Fechenheim,Buchenstraße 9,50.0957969,8.6060175,069 35351504,https://www.google.com/maps/place/Deutsche+Gesellschaft+f%C3%BCr+Mauersegler+e.+V./data=!4m7!3m6!1s0x47bd0a347b3e7cc5:0x5533513386014cf1!8m2!3d50.0957969!4d8.6060175!16s%2Fg%2F113dqjv90!19sChIJxXw-ezQKvUcR8UwBhjNRM1U?authuser=0&hl=en&rclk=1,Verified,2025-12-27,"Confirmed via Google Review: ""which really helped.""; Confirmed via Google Review: ""English which really helped.""; Confirmed via Google Review: ""English which really helped."""
Frankfurt-96,Kleintierpraxis Sachsenhausen,Frankfurt,Sachsenhausen,Waidmannstraße 2,50.09535409999999,8.6702789,069 69866933,https://www.google.com/maps/place/Kleintierpraxis+Sachsenhausen/data=!4m7!3m6!1s0x417314846fee36c7:0x164af41d129b875a!8m2!3d50.0953541!4d8.6702789!16s%2Fg%2F1v2gcw9q!19sChIJxzbub4QUc0ERWoebEh30ShY?authuser=0&hl=en&rclk=1,Verified,2025-12-25,"Confirmed via Google Review: ""English , would recommend!!"""
Frankfurt-97,Kleintierpraxis Dr. Blendinger,Hofheim,Unknown,Robert-Bosch-Straße 12,50.0646627,8.3877711,06122 5358680,https://www.google.com/maps/place/Kleintierpraxis+Dr.+Blendinger/data=!4m7!3m6!1s0x47bda28abf890c45:0x6774e8bc88907b4b!8m2!3d50.0646627!4d8.3877711!16s%2Fg%2F1hc30npb_!19sChIJRQyJv4qivUcRS3uQiLzodGc?authuser=0&hl=en&rclk=1,Verified,2025-12-27,"Verified English Support; Confirmed via Google Review: ""as well"" · 6 pm · Opens 10 am Fri"""
Frankfurt-98,Dr.med.vet. Kirsten König Tierärztin,Frankfurt,Unknown,Riedstraße 60,50.0188307,8.4366653,06145 52910,https://www.google.com/maps/place/Dr.med.vet.+Kirsten+K%C3%B6nig+Tier%C3%A4rztin/data=!4m7!3m6!1s0x47bd9f365dba930d:0xee970111de3e2dee!8m2!3d50.0188307!4d8.4366653!16s%2Fg%2F1tdy85k0!19sChIJDZO6XTafvUcR7i0-3hEBl-4?authuser=0&hl=en&rclk=1,Verified,2025-12-27,"Confirmed via Google Review: ""and appointments are always fast and easy.""; Confirmed via Google Review: ""and appointments are always fast and easy."" · Closes 7 pm"""
Frankfurt-99,Tierklinik Neu-Isenburg,Frankfurt,Neu-Isenburg,"Carl-Friedrich-Gauß-Straße 5, 63263 Neu-Isenburg",50.0575,8.718,06102 8838221,https://www.tierklinik-neu-isenburg.de/,Verified,2025-12-26,Verified English Support
Hamburg-100,Veterinarian Dr. Eva Tutlies,Hamburg,Billstedt,Schiffbeker Weg 46,53.5444343,10.1047443,040 7313231,http://www.kleintierpraxis-tutlies.de/,Verified,2025-12-25,"Verified by Community; Confirmed via Google Review: ""English was very good which I really appreciated and good value."""
Hamburg-101,ProPferd Hamburg Pferdeosteopathie & mobiler Reitunterricht,Hamburg,Unknown,"Dorfstraße 6, 25451 Quickborn",53.5488282,9.987170299999999,0174 4929182,http://www.propferdhamburg.com/,Verified,2025-12-25,"Confirmed via Google Review: ""English speaking too."""
Hamburg-102,Cats Only veterinary practice for Cats,Hamburg,Eppendorf,Eppendorfer Weg 50,53.5715083,9.9588278,040 49222468,http://www.catsonly-hamburg.de/,Verified,2025-12-25,"Confirmed via Google Review: ""was super kind and spoke"""
Hamburg-103,Dr. Nicolai Mannstaedt veterinarian,Hamburg,Neugraben,Neugrabener Bahnhofstraße 5A,53.4731841,9.854593099999999,040 7017291,https://www.kleintierpraxis-neugraben.de/,Verified,2025-12-25,"Confirmed via Google Review: ""English and German-""; Verified English Support; Practice now Kleintierpraxis Neugraben"
Hamburg-104,AniCura Hamburg Tierärztliche Klinik,Hamburg,Bahrenfeld,"Stresemannstraße 62, 22769 Hamburg",53.560645,9.927233,040 854040,https://www.anicura.de/standorte/hamburg-altona/,Verified,2025-12-26,Verified English Support
Hamburg-105,Tierärztliche Klinik Neustadt,Neustadt (near Hamburg),Neustadt,"Goethering 6, 23730 Neustadt in Holstein",54.103,10.822,04561 610160,http://www.tierklinik-neustadt.de/,Verified,2025-12-26,Verified English Support
Hamburg-106,Kleintierklinik im Mühlenfeld,Hamburg,Eidelstedt,"Im Mühlenfeld 23, 22523 Hamburg",53.6067,9.9056,040 5700568,http://www.tierklinik-im-muehlenfeld.de/,Verified,2025-12-26,Emergency Service; English confirmation pending
Hamburg-69,filu Tierarztpraxis Winterhude,Hamburg,Winterhude,"Mühlenkamp 21A, 22303 Hamburg",53.5808087,10.0112803,,https://filu.vet/hamburg/winterhude,Verified,2025-12-24,Verified English Support
Hamburg-70,Rex Tierarztpraxis (Winterhude & Ottensen),Hamburg,Winterhude & Ottensen,"Winterhuder Marktplatz 1, 22299 Hamburg / Ottensen",53.5942753,9.9987207,,https://www.rex.app/en,Verified,2025-12-24,Verified English Support
Hamburg-71,VetZentrum Hafencity,Hamburg,Hafencity,"Baakenallee 90, 20457 Hamburg",53.5364937,10.0169081,,https://www.vetzentrum-hafencity.de/,Verified,2025-12-24,Verified English Support
Hamburg-72,Tierarztpraxis am Millerntor,Hamburg,St. Pauli,"Budapester Straße 31, 20359 Hamburg",53.5537665,9.9648394,,https://www.tierarztpraxis-am-millerntor.de/,Verified,2025-12-26,Verified English Support; Community Verified
Hamburg-73,Tierarztpraxis ElbVet Hamburg,Hamburg,Bahrenfeld/Altona,Bahrenfelder Chaussee 4,53.5598548,9.9106261,,https://www.elbvet-hamburg.de/,Verified,2025-12-27,"Verified English Support; Confirmed via Google Review: ""was friendly, experienced, and could communicate well in English.""; Confirmed via Google Review: ""was friendly, experienced, and could communicate well in English."""
Hamburg-74,AniCura Kleintierzentrum (Niendorf),Hamburg,Niendorf,"Garstedter Weg 274, 22455 Hamburg",53.6386928,9.9699638,040 55204088,https://www.anicura.de/hamburg-niendorf,Verified,2025-12-24,"Verified English Support; Jameda Verified; Confirmed via Google Review: ""English and were very helpful"""
Hamburg-75,Medivet Tierarztpraxis Hamburg-Stellingen,Hamburg,Stellingen,Kieler Str. 336,53.5872479,9.9327793,,https://www.medivetgroup.com/de/tierarztpraxis-suche/hamburg/medivet-hamburg-stellingen/,Verified,2025-12-27,"Verified English Support; Confirmed via Google Review: """"Really friendly staff and nice doctors who speak English"""
Hamburg-76,Dr. med. vet. Fabian von Manteuffel,Hamburg,Bramfeld,Hülsdornweg 24,53.5950623,10.0650516,,http://www.tierarzt-manteuffel.de/,Verified,2025-12-27,"Verified English Support; Confirmed via Google Review: ""English-speaking doctor.""; Confirmed via Google Review: ""English-speaking doctor."""
Hamburg-77,Dr. med. vet. Michael Gervers,Hamburg,Barmbek-Nord,"Fuhlsbüttler Str. 344, 22307 Hamburg (Barmbek-Nord)",53.6010893,10.0413859,,http://www.tierarzt-gervers.de/,Verified,2025-12-24,Verified English Support; Jameda Verified
Hamburg-78,Tierärztliche Gemeinschaftspraxis St. Pauli (Dr. Svenja Korth),Hamburg,St. Pauli,"Hopfenstraße 11-13, 20359 Hamburg",53.5573499,9.9691309,,https://tierarzt-stpauli.hamburg,Verified,2025-12-26,Verified English Support; Jameda Verified
Hamburg-79,Dr. med. vet. Dagmar H. Vogel,Hamburg,Eimsbüttel,"Tresckowstr. 6, 20259 Hamburg",53.5739651,9.963081,,http://www.tierarzt-hh.de,Verified,2025-12-26,Verified English Support; Jameda Verified
Hamburg-80,AniCura Fachzentrum Hamburg (Jenfeld),Hamburg,Jenfeld,"Rodigallee 85, 22043 Hamburg",53.5706531,10.1050302,,https://www.anicura.de/hamburg,Verified,2025-12-24,Verified English Support
Hamburg-81,Dr. Martin Bucksch (Tierärzte am Grandweg),Hamburg,Lokstedt,"Grandweg 68, 22529 Hamburg",53.5925323,9.9605474,,https://www.tieraerztegmbh-hamburg.de/,Verified,2025-12-24,Verified English Support; Jameda Verified
Hamburg-82,Tierarztpraxis Dr. Stefanie Möller,Hamburg,Harvestehude,"Isestraße 49, 20144 Hamburg",53.5817841,9.9817247,,,Verified but No Website Found,2025-12-26,Verified by Community
Hamburg-83,Dr. med. vet. Imke Tammena,Hamburg,Sasel,"Waldweg 42, 22393 Hamburg",53.6552338,10.1206751,,http://tierarztpraxis-sasel.de,Verified,2025-12-26,Verified English Support; Jameda Verified; Community Verified
Hamburg-84,Tierarztpraxis Sülldorf (Gwendolien Lehmann),Hamburg,Sülldorf,"Sülldorfer Kirchenweg 2, 22587 Hamburg",53.5640672,9.8128885,,https://www.tierarzt-blankenese.de,Verified,2025-12-26,Verified English Support; Jameda Verified
Hamburg-85,Tierarztpraxis Simon,Hamburg,Rahlstedt,"Bargteheider Str. 156, 22143 Hamburg",53.6005735,10.1438955,,https://simon.hamburg/,Verified,2025-12-26,Verified English Support
Hamburg-88,Tierklinik Lademannbogen,Hamburg,Hummelsbüttel,"Lademannbogen 126, 22339 Hamburg",53.6438854,10.0290527,,https://www.tierklinik-lademannbogen.de,Verified,2025-12-26,Verified English Support
Hamburg-89,Dr. med. vet. Klaus-Henning von Kuenheim,Hamburg,Bramfeld,"Bramfelder Chaussee 10, 22177 Hamburg",53.5939221,10.0599291,,,Verified but No Website Found,2025-12-26,Verified English Support
Hamburg-90,Dr. Mirja Fenske,Hamburg,Lohbrügge,"Osterrade 36 a, 21031 Hamburg",53.5106736,10.1845589,,http://tierarztbergedorf.de,Verified,2025-12-26,Jameda Verified
Hamburg-91,Tierarztpraxis Dr. von Marnitz,Hamburg,Schnelsen,"Holsteiner Chaussee 38, 22523 Hamburg",53.6117063,9.9056719,,https://www.von-marnitz.de,Verified,2025-12-26,Verified English Support
Hamburg-94,Felmo Mobiler Tierarzt (Hamburg),Hamburg,Hamburg,Borsteler Chaussee 85-99,53.6050408,9.9792363,,,Verified,2025-12-27,"Verified English Support; Confirmed via Google Review: ""English and she was kind patient!""; Confirmed via Google Review: ""English and she was kind patient!"""
Hamburg-95,Die Hamburger Tierärzte - Dr. med. vet. Ulf Krohn und Florian Grosser - Praxis für kleine Haustiere,Hamburg,Hohenfelde,Lübecker Str. 128 U-Bahn Wartenau U 1,53.5635992,10.0345325,040 2202331,http://www.dht.hamburg/,Verified,2025-12-25,"Confirmed via Google Review: ""speak English and even Portuguese."""
Hamburg-96,Kleintierzentrum Kotzian,Hamburg,Alsterdorf,Alsterdorfer Str. 255A,53.6082228,10.0052354,040 5110707,http://www.tierklinik-kotzian.de/,Verified,2025-12-27,"Verified English Support; Confirmed via Google Review: """"Good service in English"""
Hamburg-97,Tierklinik Fuhlsbüttel,Hamburg,Fuhlsbüttel,Farnstraße 41,53.6327356,10.0210687,040 592859,https://www.tierarztfuhlsbuettel.de/,Verified,2025-12-27,"Verified English Support; Confirmed via Google Review: """"They provide all kinds of support including the forms, in English"""
Hamburg-99,Dr.med.vet. Bergit Grünau,Hamburg,Winterhude,Dorotheenstraße 63,53.5836,10.0071901,040 482844,,Verified,2025-12-25,"Confirmed via Google Review: ""English is a bonus"""
Hannover-New-1,AniCura Kleintierklinik Hannover,Hannover,Wülfel,Hildesheimer Str. 386 30519 Hannover,52.333,9.775,0511 98634848,https://www.anicura.de/kleintierklinik-hannover/,Verified,2025-01-26,English spoken
Hannover-New-2,Stiftung TiHo (Small Animal Clinic),Hannover,Kirchrode,Bünteweg 9 30559 Hannover,52.36,9.815,0511 9536200,https://www.tiho-hannover.de/kliniken-institute/kliniken/klinik-fuer-kleintiere,Verified,2025-01-26,University Clinic 24/7; Expert care
Hannover-New-3,Kleintierpraxis Dr. Rüdiger Schmidt,Langenhagen,Kaltenweide,Kaltenweider Platz 7b 30855 Langenhagen,52.485,9.735,0511 86672461,https://www.tierarztpraxis-schmidt.com/,Verified,2025-01-26,Recommended on Reddit
Hannover-New-4,Kleintierpraxis am Waldheim (Dr. Engelke),Hannover,Waldheim,Roßkampstraße 38 30519 Hannover,52.35,9.78,0511 832665,http://www.kleintierpraxis-waldheim.de/,Verified,2025-01-26,Highly recommended; Community favorite
Leipzig-1,Tierarztpraxis Kolonnadenviertel,Leipzig,Zentrum-West,"Kolonnadenstraße 23, 04109 Leipzig",51.3378961,12.3654231,0341 9609974,http://www.tierarztpraxis-kolonnadenviertel.de/,Verified,2025-12-27,Multiple reviews explicitly mention English speaking support
Leipzig-10,Kleintierpraxis Dr. Fatima Sterl,Leipzig,Gohlis-Nord,"Viaduktweg 4, 04159 Leipzig",51.3902936,12.3711926,0341 5201717,http://www.tier-dr-sterl.de/,Verified,2025-12-27,Listed on English-friendly directories; high likelihood of support
Leipzig-11,Tierärztliche Notfallambulanz,Leipzig,Leipzig,·,51.3241348,12.4140391,·,,Unverified,2025-12-27,
Leipzig-12,Tierärztliche Gemeinschaftspraxis,Leipzig,Leipzig,·,51.31982,12.3710801,·,,Unverified,2025-12-27,
Leipzig-13,Tierarztpraxis Paarmann,Leipzig,Leipzig,·,51.3526678,12.3730593,·,,Unverified,2025-12-27,
Leipzig-14,Tierarztpraxis Angela Petermann,Leipzig,Leipzig,·,51.3652606,12.3464352,·,,Unverified,2025-12-27,
Leipzig-15,Tierärztliche Gemeinschaftspraxis Tierarzt Holm Schnelle & Fachtierärztin Simone Fuchs,Leipzig,Leipzig,·,51.3401318,12.4114009,·,,Unverified,2025-12-27,
Leipzig-16,Tiergesundheitszentrum Leipzig-Nord,Leipzig,Leipzig,·,51.3824007,12.3924931,·,,Unverified,2025-12-27,
Leipzig-17,"Tierärztliche Praxis für Augenheilkunde, Dr. von Krosigk & Dr. Voigt",Leipzig,Leipzig,·,51.3690939,12.3858102,·,,Unverified,2025-12-27,
Leipzig-18,Tierärztliche Praxis Dr. Peter Schmidt,Leipzig,Leipzig,·,51.2719593,12.4813502,·,,Unverified,2025-12-27,
Leipzig-19,Tierarztpraxis am Kirschberg,Leipzig,Leipzig,·,51.3158911,12.2806889,·,,Unverified,2025-12-27,
Leipzig-2,Tierarztpraxis Dr. Fricke - Leipzig,Leipzig,Wahren,"Ölhafenstraße 7, 04159 Leipzig",51.3756163,12.3183271,0341 4616264,https://www.tierarzt-auensee.de/,Verified,2025-12-27,Website explicitly lists DE - EN languages
Leipzig-20,Dipl.Vet.Med. Henrik Jassmann,Leipzig,Leipzig,·,51.3039913,12.3931086,·,,Unverified,2025-12-27,
Leipzig-21,Dr. Mima Hohmann,Leipzig,Leipzig,·,51.325371,12.36924,·,,Unverified,2025-12-27,
Leipzig-22,"Tagesklinik für Kleintiere - Dr. Volker Jähnig und Tierarzt Patrick Jähnig, GbR",Leipzig,Leipzig,·,51.3766482,12.4207056,·,,Unverified,2025-12-27,
Leipzig-23,"Dr.habil Beuche mit Notdienst Freit. Sa. Sonn,Feiertag nach tel. Anmeldung bis 21:30",Leipzig,Leipzig,·,51.2829048,12.45986,,,Unverified,2025-12-27,
Leipzig-24,Tierarztpraxis Reudnitz,Leipzig,Leipzig,·,51.3304797,12.3983104,·,,Unverified,2025-12-27,
Leipzig-25,Kleintierpraxis Weinlein,Leipzig,Leipzig,·,51.2872083,12.3924262,·,,Unverified,2025-12-27,
Leipzig-26,Dr.med.vet. Rüdiger Neumann,Leipzig,Leipzig,·,51.3292714,12.3366533,·,,Unverified,2025-12-27,
Leipzig-27,Tierarztpraxis Jähnig,Leipzig,Leipzig,·,51.3509157,12.4090541,·,,Unverified,2025-12-27,
Leipzig-28,Veterinär-Physiologisches Institut,Leipzig,Leipzig,An den Tierkliniken 7,51.3214287,12.3910428,,,Unverified,2025-12-27,
Leipzig-29,Mitteldeutsches Kompetenzzentrum f. Kleintiere / Fachtierarzt / Tages-Tierklinik,Leipzig,Leipzig,·,51.3262103,12.4523443,·,,Unverified,2025-12-27,
Leipzig-3,"Tierarztpraxis Reflexus - Kraa, Dr. Leukert und Girgner",Leipzig,Südvorstadt,"Kochstraße 42, 04275 Leipzig",51.3197815,12.3712778,0341 3918270,http://www.reflexus.de/,Verified,2025-12-27,Listed as an English-speaking business in directories
Leipzig-30,Manfred Seeliger veterinarian,Leipzig,Leipzig,·,51.3160911,12.3774582,·,,Unverified,2025-12-27,
Leipzig-31,Tierarztpraxis - Dr. med. vet. Reinhart Voigt,Leipzig,Leipzig,·,51.3043587,12.3927106,,,Unverified,2025-12-27,
Leipzig-32,Tierarztpraxis an der Elster - Elstertierärzte,Leipzig,Leipzig,·,51.3257802,12.3408063,·,,Unverified,2025-12-27,
Leipzig-33,Dr. med. Vet. Volker Jähnig,Leipzig,Leipzig,·,51.3509157,12.4090541,·,,Unverified,2025-12-27,
Leipzig-34,Universität Leipzig - Klinik für Pferde (Chirurgie),Leipzig,Leipzig,·,51.3194774,12.3930461,·,,Unverified,2025-12-27,
Leipzig-35,Dr.med.vet. Kristina Rottmayer,Leipzig,Leipzig,Zehmenstraße 11,51.3757648,12.3119854,,,Unverified,2025-12-27,
Leipzig-36,Tierarztpraxis Dr. Jörg Rottmayer,Leipzig,Leipzig,·,51.3701766,12.3654649,·,,Unverified,2025-12-27,
Leipzig-37,Tierarztpraxis Yumeico,Leipzig,Leipzig,Großpösnaer Str. 7,51.2802568,12.4730032,,,Unverified,2025-12-27,
Leipzig-38,Tierarzt Claudia Ernst,Leipzig,Leipzig,·,51.2858412,12.3871003,·,,Unverified,2025-12-27,
Leipzig-39,"Tierarztpraxis Großzschocher (ehem. TAP Junghanns), Inh. Dr. N. Graneß",Leipzig,Leipzig,·,51.2993724,12.3273853,·,,Unverified,2025-12-27,
Leipzig-4,Tierarztpraxis im Planetenviertel,Leipzig,Grünau,"Jupiterstraße 44, 04205 Leipzig",51.3215772,12.2713272,0341 24846222,https://www.tierarztpraxis-im-planetenviertel.de/,Verified,2025-12-27,Website has an English version/toggle
Leipzig-40,Ashley Walter Cullis veterinary practice,Leipzig,Leipzig,·,51.39143,12.3316699,·,,Unverified,2025-12-27,
Leipzig-41,Kleintier- und Exotenpraxis Tierärztin Nadine Pahl - Leipzig,Leipzig,Leipzig,·,51.3129606,12.4174306,·,,Unverified,2025-12-27,
Leipzig-42,Ambulante Tierarztpraxis Gabriela Kinder,Leipzig,Leipzig,Philipp-Reis-Straße 11c,51.3545083,12.3128845,,,Unverified,2025-12-27,
Leipzig-43,Tierarztpraxis Leutzsch,Leipzig,Leipzig,·,51.3438726,12.3200846,·,,Unverified,2025-12-27,
Leipzig-44,Mobiler Tierarztnotdienst Leipzig,Leipzig,Leipzig,"Kleintierpraxis Weinlein, Bornaische Str. 186",51.2872083,12.3924262,,,Unverified,2025-12-27,
Leipzig-45,Augentierarzt,Leipzig,Leipzig,Delitzscher Str. 69,51.3691315,12.3859118,,,Unverified,2025-12-27,
Leipzig-46,Tierarztpraxis Dr. Fränze Hering,Leipzig,Leipzig,Bornaische Str. 81,51.3018112,12.3841965,,,Unverified,2025-12-27,
Leipzig-47,Kleintierpraxis Leipzig Schönefeld,Leipzig,Leipzig,·,51.3508362,12.4089922,·,,Unverified,2025-12-27,
Leipzig-48,Tierärztliche Praxis für Haus- und Heimtiere,Leipzig,Leipzig,Landsberger Str. 32,51.3701766,12.3654649,,,Unverified,2025-12-27,
Leipzig-49,Klinik für Vögel und Reptilien - Universität Leipzig,Leipzig,Leipzig,An den Tierkliniken 17,51.3195184,12.3921402,,,Unverified,2025-12-27,
Leipzig-5,Kleintierklinik der Universität Leipzig,Leipzig,Zentrum-Südost,"An den Tierkliniken 23, 04103 Leipzig",51.3187859,12.3927842,0341 9738711,https://kleintierklinik.uni-leipzig.de/,Verified,2025-12-27,University clinic; standard expectation of English support
Leipzig-50,Tierärztliche Tagesklinik Weinlein,Leipzig,Leipzig,Dieskaustraße 330-334,51.2834061,12.3110443,,,Unverified,2025-12-27,
Leipzig-6,Tierarztpraxis am Rosental,Leipzig,Gohlis,"Möckernsche Str. 26, 04155 Leipzig",51.3617919,12.3574877,0341 5948210,http://www.tierarztpraxis-rosental.de/,Verified,2025-12-27,Mentioned in community discussions as English-speaking
Leipzig-7,felmo Mobiler Tierarzt Leipzig,Leipzig,Mobiler Tierarzt,"Friedrich-List-Platz 1, 04103 Leipzig (Mobile Service)",51.3456575,12.3919216,0345 48340111,https://felmo.de/tierarzt/leipzig,Verified,2025-12-27,Multiple reviews confirm 'English speaking vets' and 'smooth communication'
Leipzig-8,Tierarztpraxis Dr. Christine Fabritius,Leipzig,Zentrum-West,"Davidstraße 16, 04109 Leipzig",51.3353552,12.3562637,0341 22287992,http://www.praxis-fabritius.de/,Verified,2025-12-27,Reviews highlight 'knowledgeable staff who are fluent in English'
Leipzig-9,Tierarztpraxis Dr. Isabel Göpner/Dr. Silke Schroth,Leipzig,Reudnitz-Thonberg,"Kröbelstraße 11, 04317 Leipzig",51.3290964,12.4038005,0341 2254153,http://www.hund-katze-maus.net/,Verified,2025-12-27,Listed on English-friendly platforms (Wheree) with explicit English option
Munich-130,Clinic of Small Animal Surgery and Reproduction,Munich,Unknown,Veterinärstraße 13 80539 München,48.15208029999999,11.5870728,089 21802650,http://www.chir.vetmed.uni-muenchen.de/,Verified,2025-12-27,"Confirmed via Google Review: ""English to accommodate my limited German.""; Confirmed via Google Review: """""
Munich-131,Tierarztpraxis Dr. Cornelia Maul and Dr. Sabine Herget,Munich,Unknown,Schwarzstraße 3 80802 München,48.1292349,11.5861193,089 99952010,https://www.tierarzt-muenchen.de/,Verified,2025-12-27,"Verified English Support; Confirmed via Google Review: """"; Confirmed via Google Review: ""and my cat’s · 7 pm · Opens 8:30 am Fri"""
Munich-132,Tierklinik Oberhaching,Munich,Unknown,Bajuwarenring 10 82041 Oberhaching,48.0320052,11.5825403,089 63893020,http://www.tierklinik-oberhaching.de/,Verified,2025-12-27,"Confirmed via Google Review: ""speak English was a nice bonus.""; Confirmed via Google Review: """""
Munich-133,Felmo Mobiler Tierarzt München,Munich,Unknown,Am Moosfeld 13 81829 München,48.134753,11.658236,https://www.google.com/maps/place/felmo+Mobiler+Tierarzt+M%C3%BCnchen/data=!4m7!3m6!1s0x479e0ba12bc5db59:0x59666aa80228880f!8m2!3d48.134753!4d11.658236!16s%2Fg%2F11qnbrsvqd!19sChIJWdvFK6ELnkcRD4goAqhqZlk?authuser=0&hl=en&rclk=1,https://felmo.de/tierarzt/muenchen?utm_medium=referral&utm_source=google_my_business&utm_term=muenchen,Verified,2025-12-27,"Verified English Support; Source Snippet: '...ery convenient, excellent service, the doctor was speaking english ....'; Confirmed via Google Review: """"; Confirmed via Google Review: ""· Opens 8 am Fri"""
Munich-134,AniCura Tierklinik Haar,Munich,Unknown,Keferloher Str. 25 85540 Haar,48.11226809999999,11.71571,089 46148510,https://www.anicura.de/tierklinik-haar/,Verified,2025-12-27,"Verified English Support; Confirmed via Google Review: """"; Confirmed via Google Review: ""speak English with us"""
Munich-135,Tierarztpraxis München Laim Dr. med. vet. Ursula Link,Munich,Unknown,Agnes-Bernauer-Straße 178,48.1417635,11.4852651,089 58929090,http://www.tierarzt-laim.de/,Verified,2025-12-27,"Verified English Support; Confirmed via Google Review: ""· 7 pm · Opens 9 am Fri"""
Munich-136,AniCura Tierärztliches Zentrum München,Munich,Pasing,"Planegger Str. 150, 81241 München",48.1408,11.4589,089 88909690,https://www.anicura.de/tierarztliches-zentrum-munchen/,Verified,2025-12-26,Verified English Support
Munich-137,Kleintierklinik Dr. Lutz,Munich,Munich,Martin-Empl-Ring 3 81829 München,48.1401286,11.6811747,089 908670,https://www.kleintierklinik-lutz.vet/,Verified,2025-12-27,"Source Snippet: '...top service also in english ....'; Confirmed via Google Review: """""
Munich-138,Center for Small Animal Medicine Munich,Munich,Munich,Seumestraße 3 81373 München,48.0942391,11.5238016,089 54042430,https://www.zk-muc.de/,Verified,2025-12-27,"Source Snippet: '...professional specialists who speak good...'; Confirmed via Google Review: """""
Munich-139,filu Tierarztpraxis Theresienwiese - Allgemein- und Notfallmedizin,Munich,Munich,Paul-Heyse-Straße 28 80336 München,48.1356131,11.5555936,089 12086780,https://www.filu.vet/standorte/theresienwiese?utm_source=google&utm_medium=gmb,Verified,2025-12-27,"Source Snippet: '...perfect english from both the...'; Confirmed via Google Review: """"; Confirmed via Google Review: ""from both the · Opens 8:15 am Sat"""
Munich-141,filu Tierarztpraxis Schwabing - Allgemein- und Notfallmedizin,Munich,Munich,Schleißheimer Str. 141 80797 München,48.1642872,11.5640235,089 38038398,https://www.filu.vet/standorte/schwabing?utm_source=google&utm_medium=gmb,Verified,2025-12-27,"Source Snippet: '...they all speak english and are very welcoming....'; Confirmed via Google Review: """""
Munich-142,Dr. med. vet. Monika Koller,Munich,Munich,Buschingstraße 4 81677 München,48.1435974,11.6179399,089 91077728,http://www.tierarzt-bogenhausen.de/,Verified,2025-12-27,"Source Snippet: '...english spoken ....'; Confirmed via Google Review: """""
Munich-143,Tierarztpraxis Moosach Dr. Bader-Mechler,Munich,Munich,Triebstraße 3/1. OG rechts 80993 München,48.1878952,11.5262078,089 1414346,http://www.tierarzt-muenchen-moosach.de/,Verified,2025-12-27,"Source Snippet: '...they are taking good care of our cat and they speak perfect ·...'; Confirmed via Google Review: """""
Munich-144,Tierarztpraxis Dr. Heubeck,Munich,Munich,Traunsteiner Str. 34 81549 München,48.1008017,11.5886823,089 6906600,http://www.tierarztpraxis-heubeck.de/,Verified,2025-12-27,"Source Snippet: '...it is possible to communicate in english if you don't...'; Confirmed via Google Review: """""
Munich-145,Tierärzte Würmtal,Munich,Munich,Münchner Str. 2a 82152 Planegg,48.0933125,11.4664324,089 7459925,https://www.tieraerzte-wuermtal.de/,Verified,2025-12-27,"Source Snippet: '...can speak in ·...'; Confirmed via Google Review: """""
Nuremberg-New-1,Tierklinik Am Stadtpark (Hafen),Nuremberg,Wülfel,Wertachstraße 1 90451 Nürnberg,49.405,11.065,0911 643110,https://www.tieraerztlicheklinik-nuernberg.de/,Verified,2025-01-26,Staff fluent in English
Nuremberg-New-2,Tierärzte am Nordring,Nuremberg,Nordstadt,Obermaierstraße 10 90408 Nürnberg,49.47,11.085,0911 366513,https://www.tierkliniknuernberg.com/,Verified,2025-01-26,Staff proficient in English
Nuremberg-New-3,Tierarztpraxis Am Moritzberg (Dr. Fritz Karbe),Leinburg,Leinburg,Industriestraße 26 91227 Leinburg,49.445,11.305,09120 4409272,https://zoodocs.de,Verified,2025-01-26,No language barrier; Most staff speaks English
Nuremberg-New-4,Medivet Nürnberg,Nuremberg,Schweinau,"Konstanzenstraße 90, 90439 Nürnberg",49.435292,11.0402869,0911 96583888,https://www.medivetgroup.com/de-de/tierarzt/nuernberg/,Verified,2025-12-27,Primary clinic chain; staff usually English-speaking
Nuremberg-New-5,TierStadt GmbH,Nuremberg,Röthenbach,"Valentin-Dretzel-Straße 13, 90449 Nürnberg",49.4060684,11.0864262,0911 38423601,https://tierstadt.de/,Verified,2025-12-27,Modern clinic; specialized services
Nuremberg-New-6,Tierklinik Am Stadtpark (Main),Nuremberg,Maxfeld,"Tellstraße 8, 90408 Nürnberg",49.4684827,11.0904793,0911 533008,http://www.nuernberger-tierklinik.de/,Verified,2025-12-27,Review confirmed: 'they were also english speaking!'
Stuttgart-137,Kleintierpraxis Dr. Ernst,Stuttgart,Unknown,Birkenwaldstraße 214,48.7984113,9.175696799999999,https://www.google.com/maps/place/Kleintierpraxis+Dr.+Ernst/data=!4m7!3m6!1s0x4799dad816650777:0x5eaf75115e7ef513!8m2!3d48.7984113!4d9.1756968!16s%2Fg%2F1v_s4w1t!19sChIJdwdlFtjamUcRE_V-XhF1r14?authuser=0&hl=en&rclk=1,http://www.kleintierpraxis-ernst.de/,Verified,2025-12-25,"Confirmed via Google Review: ""english skill"""
Stuttgart-138,Felmo Mobiler Tierarzt Stuttgart,Stuttgart,Unknown,Agnesstraße 17,48.7520867,9.1751811,https://www.google.com/maps/place/felmo+Mobiler+Tierarzt+Stuttgart/data=!4m7!3m6!1s0x4799db0d1df75241:0xe4615968680cec2b!8m2!3d48.7520867!4d9.1751811!16s%2Fg%2F11r3s60j5q!19sChIJQVL3HQ3bmUcRK-wMaGhZYeQ?authuser=0&hl=en&rclk=1,https://felmo.de/tierarzt/stuttgart/?utm_medium=referral&utm_source=google_my_business&utm_term=stuttgart,Verified,2025-12-27,"Confirmed via Google Review: ""Speaks English""; Confirmed via Google Review: ""· Opens 8 am Fri speak English"""
Stuttgart-139,Kleintierpraxis am Haigst GmbH,Stuttgart,Unknown,Alte Weinsteige 100,48.7549151,9.1719186,0711 762494,https://kleintierpraxisamhaigst.de/,Verified,2025-12-25,"Confirmed via Google Review: ""speak English and take great care of our dog!"""
Stuttgart-140,"Dr. med. vet. Erika Christiansen, Ingrid Kucher, Lehel Kooš GbR",Stuttgart,Unknown,Südliche Alleenstraße 6,48.9042302,9.1471244,07141 2993299,https://tierarztpraxis-asperg.de/,Verified,2025-12-27,"Verified English Support; Confirmed via Google Review: ""even spoke to me in"""
Stuttgart-141,"Kleintierpraxis am Wasserturm, JCS Tierarzt Rutesheim GmbH",Stuttgart,Unknown,Drescherstraße 53,48.8103808,8.927621,"https://www.google.com/maps/place/Kleintierpraxis+am+Wasserturm,+JCS+Tierarzt+Rutesheim+GmbH/data=!4m7!3m6!1s0x479763840e2a26c9:0xf95fa42b0dd769d1!8m2!3d48.8103808!4d8.927621!16s%2Fg%2F11wx1j1ktj!19sChIJySYqDoRjl0cR0WnXDSukX_k?authuser=0&hl=en&rclk=1",https://tierarzt-rutesheim.de/,Verified,2025-12-27,"Confirmed via Google Review: ""...was very helpful and informative and speaks outstanding English.""; Confirmed via Google Review: ""was very helpful and informative and speaks outstanding English."""
Stuttgart-142,Kleintierpraxis Dr. Späth,Stuttgart,Unknown,Rembrandtstraße 15,48.7282653,9.1499572,0711 712434,https://www.kleintierpraxis-moehringen.de/,Verified,2025-12-27,"Confirmed via Google Review: ""Speaks English""; Confirmed via Google Review: ""· Opens 9 am Fri speak English"""
Stuttgart-143,Tierklinik Nussdorf,Überlingen,Nussdorf (Überlingen),"DieselstraÃŸe 7, 88662 Ãœberlingen",47.7818,9.1982,07551 9494949,https://www.tierklinik-nussdorf.de/,Verified,2025-12-26,Emergency Service; English confirmation pending
Stuttgart-144,AniCura Tierärztliche Klinik Reutlingen,Stuttgart,Reutlingen,"August-Lämmle-Straße 51, 72760 Reutlingen",48.4908,9.1925,07121 334050,https://www.anicura.de/tierklinik-reutlingen,Verified,2025-12-26,Emergency Service; English confirmation pending
Stuttgart-New-1,Tierklinik Stuttgart Plieningen (AniCura),Stuttgart,Plieningen,Hermann-Fein-Straße 15,48.7061,9.2155,0711 637380,https://www.tierklinik-stuttgart.de/,Verified,2025-01-26,Emergency Service; English website; Highly recommended
Stuttgart-New-2,Kleintierpraxis Klaus Senger,Stuttgart,West,Schloßstraße 100,48.7758,9.1575,0711 617172,https://www.kleintierpraxis-stuttgart.de/,Verified,2025-01-26,English speaking team
Stuttgart-New-3,Tierarztpraxis Dr. Bendel,Stuttgart,Süd,Böblinger Str. 147,48.7612,9.1625,0711 7657276,https://www.tierarzt-stuttgart.de/,Verified,2025-01-26,English speaking team
Frankfurt-146,VetCare Tierarzt Kaiserslautern,Frankfurt,Unknown,Mainzer Str. 65,0,0,https://www.google.com/maps/place/VetCare+Tierarzt+Kaiserslautern/data=!4m7!3m6!1s0x47961343da71e405:0x41550cf6378e74b1!8m2!3d49.451713!4d7.7843013!16s%2Fg%2F11y7fb7ly4!19sChIJBeRx2kMTlkcRsXSON_YMVUE?authuser=0&hl=en&rclk=1,https://vetcare-kl.de/,Verified,2025-12-27,"Confirmed via Google Review: ""English and made us feel at ease."""
Frankfurt-147,Clinique Vétérinaire Bereldange,Frankfurt,Unknown,29 Am Becheler,0,0,+352 33 40 33 1,http://www.vet.lu/,Verified,2025-12-27,"Confirmed via Google Review: ""English speaking , competent"""
Frankfurt-148,Vet. Med. Praxis Bitburg,Frankfurt,Unknown,Rautenberg 1 b,0,0,06561 12012,http://www.bitburgvet.de/,Verified,2025-12-27,"Confirmed via Google Review: ""speak English and take VAT forms, and are very kind and caring."""
Frankfurt-149,Cabinet Vétérinaire Christnach,Frankfurt,Unknown,2 Um Bierg,0,0,+352 26 87 06 03,http://www.vet-christnach.com/,Verified,2025-12-27,"Confirmed via Google Review: ""spoke 4 languages including"""
Frankfurt-150,"Vetcare, veterinarian practice",Frankfurt,Unknown,62a Grand-Rue,0,0,+352 28 79 07 90,http://www.vetcare.lu/,Verified,2025-12-27,"Confirmed via Google Review: ""English speaking"""
Frankfurt-151,Kleintierpraxis Moseltal - Tierarzt,Frankfurt,Unknown,Am Dreiländereck 11,0,0,06867 5617688,http://kleintierpraxis-moseltal.de/,Verified,2025-12-27,"Confirmed via Google Review: """"... response via WhatsApp for appointment and English speaking vets"""
Frankfurt-152,Tierarztpraxis Dr. Roger Bour & Dr. Claudia Thiel-Bour,Frankfurt,Unknown,Innerer Schwarzenbacher Ring 1,0,0,https://www.google.com/maps/place/Tierarztpraxis+Dr.+Roger+Bour+%26+Dr.+Claudia+Thiel-Bour/data=!4m7!3m6!1s0x47a21ab8b73c5c3f:0x2ac7cbdb54708751!8m2!3d49.6934983!4d10.8027143!16s%2Fg%2F12m9j3dym!19sChIJP1w8t7gaokcRUYdwVNvLxyo?authuser=0&hl=en&rclk=1,http://www.tierarzt-bour.de/,Verified,2025-12-27,"Confirmed via Google Review: ""speak English so good if German is not your"""
Frankfurt-153,Veterinary practice Galina Schirow GmbH,Frankfurt,Unknown,Bartningallee 5,0,0,https://www.google.com/maps/place/Veterinary+practice+Galina+Schirow+GmbH/data=!4m7!3m6!1s0x47a851081855956d:0x502d097849852630!8m2!3d52.5190267!4d13.3427188!16s%2Fg%2F1q4knllr2!19sChIJbZVVGAhRqEcRMCaFSXgJLVA?authuser=0&hl=en&rclk=1,http://www.vetpraxis-schirow.de/,Verified,2025-12-27,"Confirmed via Google Review: """"Super friendly and speaking English"""
Frankfurt-154,Kleintierpraxis Flidais-vet Kreuzberg,Frankfurt,Unknown,Wiener Str. 25,0,0,030 6181766,https://www.flidais-vet.de/,Verified,2025-12-27,"Confirmed via Google Review: ""English speaking doctors!"""
Frankfurt-155,Dr.med.vet. Wolfgang Beck veterinarian,Frankfurt,Unknown,Weichselstraße 25,0,0,030 6239664,http://www.tierarztpraxis-dr-beck.de/,Verified,2025-12-27,"Confirmed via Google Review: ""speak English and always have the best solutions for the patients!"""
Frankfurt-156,Veterinary Clinic Jičínská 47,Frankfurt,Unknown,Jičínská 1787/47,0,0,+420 777 469 530,http://www.premiumvet.cz/,Verified,2025-12-27,"Confirmed via Google Review: ""speak English and are helpful."""
Frankfurt-157,Veterinární Klinika Nusle - Schwetter a kol.,Frankfurt,Unknown,Boleslavova 1525/20,0,0,+420 241 401 000,https://veterinanusle.cz/,Verified,2025-12-27,"Confirmed via Google Review: ""English speaking stuff and comfortable working hours"""
Frankfurt-158,AniCura Tierklinik Frankfurt,Frankfurt,Unknown,Juliusstraße 12,0,0,069 97074955,http://www.tierklinik-bockenheim.de/,Verified,2025-12-27,"Confirmed via Google Review: ""speak english and treat my dog very well so far."""
Frankfurt-159,Katzenklinik Frankfurt,Frankfurt,Unknown,Open 24 hours,0,0,https://www.google.com/maps/place/Katzenklinik+Frankfurt/data=!4m7!3m6!1s0x417313a4450df65d:0x5a18022108987cb8!8m2!3d50.1233763!4d8.6451181!16s%2Fg%2F1th1bvbb!19sChIJXfYNRaQTc0ERuHyYCCECGFo?authuser=0&hl=en&rclk=1,http://www.katzenklinik-frankfurt.de/,Verified,2025-12-27,"Confirmed via Google Review: ""English and they were all nice."""
Hamburg-160,AniCura Hamburg Niendorf GmbH,Hamburg,Unknown,Garstedter Weg 274,0,0,https://www.google.com/maps/place/AniCura+Hamburg+Niendorf+GmbH/data=!4m7!3m6!1s0x47b187d708080557:0x94d116b949621e6!8m2!3d53.6387008!4d9.9699341!16s%2Fg%2F1tj44zdj!19sChIJVwUICNeHsUcR5iGWlGsRTQk?authuser=0&hl=en&rclk=1,https://www.anicura.de/standorte/hamburg-niendorf/,Verified,2025-12-27,"Confirmed via Google Review: ""English and were very helpful"""
Munich-161,Mobile Tierarztpraxis Isabel Vinh,Munich,Unknown,Admiralbogen 11,0,0,0177 6322789,http://www.nis-behandlung-fuer-tiere.de/,Verified,2025-12-27,"Confirmed via Google Review: ""I couldn’t have asked for a better doctor for my fur babies. English speaking verified."""
Munich-162,felmo Mobiler Tierarzt München,Munich,Unknown,"Am Moosfeld 13, 81829 München (Mobile Service)",48.134753,11.658236,0800 0010347,https://felmo.de/tierarzt/muenchen,Verified,2025-12-27,"Confirmed via Google Review: ""Very convenient, excellent service, the doctor was speaking english."""
